{"stats":{"minecraft:broken":{"minecraft:golden_pickaxe":1},"minecraft:mined":{"minecraft:white_bed":2,"minecraft:dark_oak_leaves":2,"minecraft:deepslate_diamond_ore":2,"minecraft:cave_vines_plant":14,"minecraft:budding_amethyst":1,"minecraft:grass_block":7,"minecraft:moss_block":7,"minecraft:tall_seagrass":3,"minecraft:magma_block":8,"minecraft:furnace":1,"minecraft:iron_ore":51,"minecraft:fire":2,"minecraft:andesite":1,"minecraft:moss_carpet":1,"minecraft:pumpkin":1,"minecraft:gold_block":6,"minecraft:cave_vines":17,"minecraft:small_amethyst_bud":2,"minecraft:azalea_leaves":1,"minecraft:azalea":1,"minecraft:stone":42,"minecraft:smoker":1,"minecraft:crafting_table":5,"minecraft:torch":7,"minecraft:short_grass":60,"minecraft:dead_bush":2,"minecraft:cobblestone":11,"minecraft:lapis_ore":1,"minecraft:sugar_cane":5,"minecraft:oak_planks":3,"minecraft:blue_bed":1,"minecraft:wall_torch":7,"minecraft:amethyst_block":5,"minecraft:seagrass":1,"minecraft:chain":1,"minecraft:sweet_berry_bush":11,"minecraft:birch_leaves":10,"minecraft:oak_log":33,"minecraft:coal_ore":35,"minecraft:gravel":6,"minecraft:dirt":19,"minecraft:netherrack":41,"minecraft:oak_leaves":31,"minecraft:deepslate":14},"minecraft:killed_by":{"minecraft:creeper":1,"minecraft:skeleton":3},"minecraft:custom":{"minecraft:mob_kills":57,"minecraft:animals_bred":1,"minecraft:interact_with_crafting_table":21,"minecraft:bell_ring":3,"minecraft:leave_game":1,"minecraft:time_since_death":157550,"minecraft:climb_one_cm":13512,"minecraft:sprint_one_cm":586451,"minecraft:walk_one_cm":239821,"minecraft:damage_blocked_by_shield":3626,"minecraft:drop":54,"minecraft:play_time":191558,"minecraft:deaths":4,"minecraft:sneak_time":13146,"minecraft:walk_under_water_one_cm":37072,"minecraft:boat_one_cm":460216,"minecraft:jump":4082,"minecraft:walk_on_water_one_cm":87521,"minecraft:total_world_time":191558,"minecraft:interact_with_furnace":77,"minecraft:interact_with_stonecutter":1,"minecraft:sleep_in_bed":9,"minecraft:time_since_rest":263,"minecraft:damage_taken":4269,"minecraft:damage_dealt":6628,"minecraft:swim_one_cm":166639,"minecraft:fly_one_cm":709089,"minecraft:open_chest":32,"minecraft:crouch_one_cm":32546,"minecraft:interact_with_smoker":12,"minecraft:fall_one_cm":106652},"minecraft:used":{"minecraft:moss_block":2,"minecraft:iron_shovel":4,"minecraft:shield":27,"minecraft:stone":2,"minecraft:iron_sword":232,"minecraft:netherrack":5,"minecraft:iron_chestplate":1,"minecraft:torch":62,"minecraft:dirt":65,"minecraft:spyglass":7,"minecraft:mutton":2,"minecraft:lava_bucket":6,"minecraft:iron_axe":95,"minecraft:golden_sword":2,"minecraft:magma_block":3,"minecraft:sweet_berries":7,"minecraft:oak_sapling":2,"minecraft:furnace":2,"minecraft:gold_block":1,"minecraft:egg":7,"minecraft:cooked_beef":13,"minecraft:pumpkin":1,"minecraft:cobbled_deepslate":12,"minecraft:iron_leggings":1,"minecraft:cooked_mutton":8,"minecraft:water_bucket":200,"minecraft:amethyst_block":5,"minecraft:stone_pickaxe":110,"minecraft:oak_planks":83,"minecraft:glow_berries":16,"minecraft:crafting_table":5,"minecraft:white_bed":3,"minecraft:oak_log":1,"minecraft:apple":2,"minecraft:chicken":3,"minecraft:bread":4,"minecraft:iron_pickaxe":116,"minecraft:gravel":4,"minecraft:cobblestone":40,"minecraft:porkchop":16,"minecraft:cooked_porkchop":17,"minecraft:bucket":208,"minecraft:oak_boat":8,"minecraft:golden_pickaxe":32},"minecraft:crafted":{"minecraft:oak_planks":120,"minecraft:furnace":1,"minecraft:cooked_mutton":11,"minecraft:iron_boots":1,"minecraft:cooked_beef":12,"minecraft:cooked_porkchop":14,"minecraft:crafting_table":2,"minecraft:iron_helmet":1,"minecraft:wooden_pickaxe":1,"minecraft:iron_sword":1,"minecraft:bucket":2,"minecraft:air":0,"minecraft:oak_boat":1,"minecraft:golden_apple":1,"minecraft:stick":28,"minecraft:iron_ingot":15,"minecraft:iron_pickaxe":1,"minecraft:wooden_axe":1,"minecraft:gold_ingot":9,"minecraft:white_bed":1,"minecraft:torch":56},"minecraft:dropped":{"minecraft:water_bucket":1,"minecraft:iron_ingot":7,"minecraft:bread":1,"minecraft:iron_sword":1,"minecraft:moss_block":4,"minecraft:brown_mushroom":2,"minecraft:porkchop":14,"minecraft:wheat_seeds":8,"minecraft:lapis_lazuli":5,"minecraft:cooked_beef":2,"minecraft:diamond":1,"minecraft:cobblestone":9,"minecraft:oak_fence":9,"minecraft:feather":5,"minecraft:leather":1,"minecraft:rail":2,"minecraft:coal":4,"minecraft:golden_apple":1,"minecraft:flint":1,"minecraft:dirt":1,"minecraft:string":3,"minecraft:lily_pad":1,"minecraft:white_wool":2,"minecraft:blue_bed":1,"minecraft:redstone":3,"minecraft:bone":3,"minecraft:gold_ingot":1,"minecraft:moss_carpet":2,"minecraft:raw_iron":10,"minecraft:cooked_mutton":4,"minecraft:tipped_arrow":1,"minecraft:azalea":2,"minecraft:oak_sapling":3,"minecraft:spider_eye":1,"minecraft:arrow":2,"minecraft:stone_brick_stairs":1,"minecraft:black_wool":2},"minecraft:picked_up":{"minecraft:crafting_table":5,"minecraft:iron_chestplate":2,"minecraft:chicken":4,"minecraft:brown_mushroom":2,"minecraft:lead":3,"minecraft:gold_block":6,"minecraft:stone_brick_stairs":1,"minecraft:chain":1,"minecraft:shield":2,"minecraft:amethyst_block":5,"minecraft:string":4,"minecraft:moss_carpet":2,"minecraft:iron_axe":3,"minecraft:iron_leggings":2,"minecraft:iron_shovel":1,"minecraft:cobbled_deepslate":12,"minecraft:beef":12,"minecraft:oak_boat":8,"minecraft:azalea":2,"minecraft:sugar_cane":9,"minecraft:furnace":1,"minecraft:egg":7,"minecraft:tipped_arrow":1,"minecraft:stick":5,"minecraft:raw_iron":58,"minecraft:stone":2,"minecraft:oak_fence":18,"minecraft:torch":13,"minecraft:porkchop":45,"minecraft:arrow":10,"minecraft:rotten_flesh":2,"minecraft:gold_ingot":1,"minecraft:glow_berries":16,"minecraft:mutton":22,"minecraft:rail":4,"minecraft:white_wool":12,"minecraft:cobblestone":52,"minecraft:magma_block":8,"minecraft:feather":6,"minecraft:cooked_beef":9,"minecraft:andesite":1,"minecraft:leather":7,"minecraft:smoker":1,"minecraft:flint":7,"minecraft:oak_log":33,"minecraft:lily_pad":1,"minecraft:gunpowder":1,"minecraft:lapis_lazuli":7,"minecraft:dirt":80,"minecraft:blue_bed":1,"minecraft:cooked_mutton":3,"minecraft:bone":5,"minecraft:apple":3,"minecraft:stone_bricks":21,"minecraft:wheat_seeds":13,"minecraft:iron_ingot":13,"minecraft:stone_pickaxe":4,"minecraft:moss_block":6,"minecraft:iron_sword":1,"minecraft:oak_planks":42,"minecraft:cooked_porkchop":7,"minecraft:pumpkin":1,"minecraft:sweet_berries":31,"minecraft:spyglass":1,"minecraft:gravel":16,"minecraft:spruce_sapling":1,"minecraft:white_bed":2,"minecraft:spider_eye":1,"minecraft:diamond":2,"minecraft:granite":1,"minecraft:oak_sapling":6,"minecraft:netherrack":30,"minecraft:black_wool":2,"minecraft:coal":50},"minecraft:killed":{"minecraft:spider":2,"minecraft:skeleton":2,"minecraft:chicken":4,"minecraft:drowned":1,"minecraft:pig":20,"minecraft:frog":1,"minecraft:sheep":14,"minecraft:pillager":1,"minecraft:zombie":4,"minecraft:cow":5}},"DataVersion":3953}