{"stats":{"minecraft:used":{"minecraft:birch_planks":4,"minecraft:stone_pickaxe":113,"minecraft:torch":14,"minecraft:glow_berries":2,"minecraft:golden_hoe":34,"minecraft:sand":1,"minecraft:crafting_table":3,"minecraft:white_bed":1,"minecraft:golden_chestplate":1,"minecraft:bread":10,"minecraft:iron_pickaxe":10,"minecraft:spore_blossom":1,"minecraft:stone_axe":16,"minecraft:golden_carrot":1,"minecraft:cobblestone":1,"minecraft:furnace":1,"minecraft:golden_axe":16},"minecraft:broken":{"minecraft:golden_hoe":1,"minecraft:golden_axe":1},"minecraft:crafted":{"minecraft:crafting_table":3,"minecraft:furnace":1,"minecraft:birch_planks":20,"minecraft:stone_axe":1,"minecraft:bread":135,"minecraft:stick":28,"minecraft:iron_pickaxe":1,"minecraft:stone_pickaxe":1,"minecraft:wooden_axe":1,"minecraft:dark_oak_planks":32,"minecraft:torch":24,"minecraft:wheat":405},"minecraft:mined":{"minecraft:white_bed":2,"minecraft:clay":1,"minecraft:cave_vines_plant":1,"minecraft:granite":8,"minecraft:short_grass":9,"minecraft:tall_grass":5,"minecraft:cobblestone":1,"minecraft:diorite":13,"minecraft:hay_block":46,"minecraft:spore_blossom":1,"minecraft:birch_log":5,"minecraft:birch_leaves":2,"minecraft:coal_ore":13,"minecraft:cave_vines":3,"minecraft:deepslate_iron_ore":2,"minecraft:sand":1,"minecraft:stone":84},"minecraft:dropped":{"minecraft:bread":43,"minecraft:wheat_seeds":1,"minecraft:stick":8,"minecraft:golden_carrot":2,"minecraft:wooden_axe":1},"minecraft:picked_up":{"minecraft:birch_log":5,"minecraft:golden_carrot":7,"minecraft:clay_ball":4,"minecraft:raw_copper":3,"minecraft:wheat_seeds":2,"minecraft:spore_blossom":1,"minecraft:iron_ingot":3,"minecraft:stick":8,"minecraft:raw_iron":4,"minecraft:sand":1,"minecraft:diorite":13,"minecraft:white_bed":2,"minecraft:dark_oak_log":8,"minecraft:dark_oak_planks":3,"minecraft:hay_block":45,"minecraft:granite":5,"minecraft:glow_berries":3,"minecraft:coal":15,"minecraft:cobblestone":91},"minecraft:custom":{"minecraft:interact_with_furnace":3,"minecraft:mob_kills":5,"minecraft:interact_with_crafting_table":5,"minecraft:time_since_death":2411,"minecraft:sleep_in_bed":3,"minecraft:time_since_rest":2436,"minecraft:sprint_one_cm":97290,"minecraft:damage_taken":1260,"minecraft:walk_one_cm":39020,"minecraft:drop":6,"minecraft:damage_dealt":2116,"minecraft:swim_one_cm":13925,"minecraft:talked_to_villager":1,"minecraft:fly_one_cm":134516,"minecraft:open_chest":5,"minecraft:crouch_one_cm":9805,"minecraft:play_time":27213,"minecraft:deaths":3,"minecraft:sneak_time":3461,"minecraft:walk_under_water_one_cm":2340,"minecraft:boat_one_cm":90736,"minecraft:jump":654,"minecraft:walk_on_water_one_cm":5935,"minecraft:total_world_time":27213,"minecraft:fall_one_cm":23421},"minecraft:killed_by":{"minecraft:skeleton":1},"minecraft:killed":{"minecraft:iron_golem":1,"minecraft:zombie":4}},"DataVersion":3953}