{"stats":{"minecraft:picked_up":{"minecraft:crafting_table":5,"minecraft:iron_chestplate":4,"minecraft:smithing_table":3,"minecraft:chicken":4,"minecraft:brown_mushroom":2,"minecraft:lead":3,"minecraft:gold_block":6,"minecraft:stripped_cherry_log":1,"minecraft:stone_brick_stairs":1,"minecraft:chain":1,"minecraft:shield":4,"minecraft:amethyst_block":5,"minecraft:string":4,"minecraft:moss_carpet":2,"minecraft:iron_axe":4,"minecraft:iron_leggings":5,"minecraft:iron_shovel":1,"minecraft:cobbled_deepslate":12,"minecraft:beef":12,"minecraft:oak_boat":11,"minecraft:azalea":2,"minecraft:poppy":7,"minecraft:iron_pickaxe":2,"minecraft:sugar_cane":9,"minecraft:cherry_trapdoor":4,"minecraft:furnace":1,"minecraft:iron_boots":2,"minecraft:egg":13,"minecraft:tipped_arrow":1,"minecraft:stick":97,"minecraft:raw_iron":58,"minecraft:stone":2,"minecraft:oak_fence":18,"minecraft:torch":15,"minecraft:porkchop":45,"minecraft:cherry_log":357,"minecraft:arrow":10,"minecraft:rotten_flesh":5,"minecraft:hay_block":18,"minecraft:gold_ingot":1,"minecraft:glow_berries":16,"minecraft:mutton":22,"minecraft:rail":4,"minecraft:white_wool":12,"minecraft:cobblestone":53,"minecraft:stripped_oak_log":8,"minecraft:pink_petals":22,"minecraft:magma_block":10,"minecraft:feather":6,"minecraft:cooked_beef":16,"minecraft:cherry_planks":69,"minecraft:water_bucket":2,"minecraft:andesite":1,"minecraft:leather":7,"minecraft:smoker":2,"minecraft:flint":10,"minecraft:oak_log":33,"minecraft:lily_pad":1,"minecraft:yellow_bed":5,"minecraft:gunpowder":1,"minecraft:lapis_lazuli":7,"minecraft:dirt":234,"minecraft:blue_bed":1,"minecraft:cooked_mutton":3,"minecraft:bone":5,"minecraft:apple":3,"minecraft:stone_bricks":21,"minecraft:wheat_seeds":29,"minecraft:rabbit_hide":1,"minecraft:iron_ingot":41,"minecraft:stone_pickaxe":4,"minecraft:rabbit":1,"minecraft:moss_block":6,"minecraft:iron_sword":3,"minecraft:oak_planks":109,"minecraft:cooked_porkchop":7,"minecraft:pumpkin":1,"minecraft:sweet_berries":31,"minecraft:spyglass":4,"minecraft:gravel":29,"minecraft:lava_bucket":2,"minecraft:sand":26,"minecraft:spruce_sapling":1,"minecraft:blast_furnace":1,"minecraft:white_bed":10,"minecraft:spider_eye":1,"minecraft:mossy_cobblestone":1,"minecraft:diamond":2,"minecraft:iron_helmet":2,"minecraft:granite":1,"minecraft:cherry_sapling":130,"minecraft:bread":74,"minecraft:oak_sapling":16,"minecraft:netherrack":38,"minecraft:black_wool":2,"minecraft:coal":50},"minecraft:used":{"minecraft:moss_block":2,"minecraft:cherry_sapling":121,"minecraft:iron_shovel":212,"minecraft:chest":1,"minecraft:shield":33,"minecraft:stone":2,"minecraft:iron_sword":273,"minecraft:netherrack":28,"minecraft:iron_chestplate":1,"minecraft:torch":62,"minecraft:dirt":66,"minecraft:spyglass":47,"minecraft:mutton":2,"minecraft:milk_bucket":2,"minecraft:lava_bucket":32,"minecraft:iron_axe":332,"minecraft:cherry_slab":2,"minecraft:cherry_trapdoor":4,"minecraft:golden_sword":2,"minecraft:magma_block":6,"minecraft:bow":9,"minecraft:sweet_berries":7,"minecraft:oak_sapling":2,"minecraft:furnace":3,"minecraft:cherry_log":25,"minecraft:gold_block":1,"minecraft:egg":13,"minecraft:cooked_beef":15,"minecraft:pumpkin":1,"minecraft:cobbled_deepslate":12,"minecraft:iron_leggings":1,"minecraft:cooked_mutton":8,"minecraft:water_bucket":232,"minecraft:amethyst_block":5,"minecraft:stone_pickaxe":110,"minecraft:oak_planks":130,"minecraft:cherry_planks":467,"minecraft:glow_berries":16,"minecraft:mossy_cobblestone":1,"minecraft:blast_furnace":1,"minecraft:crafting_table":9,"minecraft:white_bed":10,"minecraft:smoker":2,"minecraft:oak_log":1,"minecraft:apple":2,"minecraft:chicken":3,"minecraft:bread":42,"minecraft:iron_pickaxe":162,"minecraft:gravel":4,"minecraft:pink_petals":5,"minecraft:cobblestone":40,"minecraft:porkchop":16,"minecraft:cooked_porkchop":17,"minecraft:smithing_table":3,"minecraft:bucket":265,"minecraft:yellow_bed":5,"minecraft:oak_boat":11,"minecraft:golden_pickaxe":32},"minecraft:broken":{"minecraft:iron_axe":2,"minecraft:golden_pickaxe":1},"minecraft:mined":{"minecraft:oak_sapling":2,"minecraft:white_bed":8,"minecraft:dark_oak_leaves":2,"minecraft:deepslate_diamond_ore":2,"minecraft:cherry_log":123,"minecraft:cherry_sapling":3,"minecraft:cherry_trapdoor":4,"minecraft:cave_vines_plant":14,"minecraft:budding_amethyst":1,"minecraft:grass_block":162,"minecraft:moss_block":7,"minecraft:hay_block":24,"minecraft:tall_seagrass":3,"minecraft:magma_block":11,"minecraft:furnace":1,"minecraft:iron_ore":51,"minecraft:barrel":1,"minecraft:fire":2,"minecraft:andesite":1,"minecraft:moss_carpet":1,"minecraft:pumpkin":1,"minecraft:gold_block":6,"minecraft:dirt_path":1,"minecraft:cave_vines":17,"minecraft:small_amethyst_bud":2,"minecraft:stripped_oak_log":8,"minecraft:azalea_leaves":1,"minecraft:azalea":1,"minecraft:stone":42,"minecraft:smithing_table":3,"minecraft:glass_pane":3,"minecraft:cherry_planks":68,"minecraft:smoker":2,"minecraft:crafting_table":5,"minecraft:torch":7,"minecraft:short_grass":152,"minecraft:blast_furnace":1,"minecraft:dead_bush":2,"minecraft:tall_grass":1,"minecraft:cobblestone":12,"minecraft:lapis_ore":1,"minecraft:oak_planks":5,"minecraft:sugar_cane":5,"minecraft:blue_bed":1,"minecraft:wall_torch":8,"minecraft:amethyst_block":5,"minecraft:pink_petals":9,"minecraft:seagrass":1,"minecraft:chain":1,"minecraft:sweet_berry_bush":11,"minecraft:birch_leaves":10,"minecraft:yellow_bed":5,"minecraft:oak_log":33,"minecraft:coal_ore":35,"minecraft:cherry_leaves":3,"minecraft:gravel":31,"minecraft:sand":26,"minecraft:dirt":24,"minecraft:stonecutter":1,"minecraft:netherrack":52,"minecraft:oak_leaves":31,"minecraft:deepslate":14},"minecraft:dropped":{"minecraft:water_bucket":1,"minecraft:iron_ingot":31,"minecraft:bread":81,"minecraft:iron_sword":1,"minecraft:moss_block":4,"minecraft:brown_mushroom":2,"minecraft:porkchop":14,"minecraft:wheat_seeds":9,"minecraft:lapis_lazuli":5,"minecraft:cooked_beef":2,"minecraft:diamond":1,"minecraft:oak_fence":9,"minecraft:feather":5,"minecraft:cobblestone":10,"minecraft:leather":1,"minecraft:rail":2,"minecraft:coal":4,"minecraft:golden_apple":1,"minecraft:flint":1,"minecraft:dirt":1,"minecraft:iron_leggings":1,"minecraft:pink_petals":17,"minecraft:string":3,"minecraft:lily_pad":1,"minecraft:white_wool":2,"minecraft:blue_bed":1,"minecraft:redstone":3,"minecraft:bone":3,"minecraft:gold_ingot":1,"minecraft:gravel":13,"minecraft:moss_carpet":2,"minecraft:spyglass":1,"minecraft:oak_trapdoor":2,"minecraft:wheat":3,"minecraft:raw_iron":10,"minecraft:cherry_sapling":9,"minecraft:rotten_flesh":3,"minecraft:oak_planks":15,"minecraft:cooked_mutton":4,"minecraft:poppy":6,"minecraft:rabbit_hide":1,"minecraft:tipped_arrow":1,"minecraft:shield":1,"minecraft:azalea":2,"minecraft:oak_sapling":13,"minecraft:spider_eye":1,"minecraft:arrow":2,"minecraft:stone_brick_stairs":1,"minecraft:black_wool":2},"minecraft:killed_by":{"minecraft:creeper":1,"minecraft:iron_golem":2,"minecraft:skeleton":3},"minecraft:custom":{"minecraft:mob_kills":63,"minecraft:animals_bred":1,"minecraft:interact_with_crafting_table":40,"minecraft:bell_ring":4,"minecraft:leave_game":2,"minecraft:time_since_death":62608,"minecraft:climb_one_cm":15235,"minecraft:sprint_one_cm":917086,"minecraft:walk_one_cm":371314,"minecraft:damage_blocked_by_shield":3926,"minecraft:drop":182,"minecraft:talked_to_villager":32,"minecraft:play_time":286415,"minecraft:deaths":6,"minecraft:sneak_time":22924,"minecraft:walk_under_water_one_cm":40953,"minecraft:boat_one_cm":468333,"minecraft:jump":6069,"minecraft:interact_with_blast_furnace":3,"minecraft:walk_on_water_one_cm":95968,"minecraft:total_world_time":286415,"minecraft:interact_with_furnace":77,"minecraft:traded_with_villager":25,"minecraft:interact_with_stonecutter":1,"minecraft:sleep_in_bed":17,"minecraft:time_since_rest":8207,"minecraft:damage_taken":6240,"minecraft:damage_dealt":8526,"minecraft:swim_one_cm":247926,"minecraft:fly_one_cm":1138581,"minecraft:open_chest":67,"minecraft:crouch_one_cm":70197,"minecraft:interact_with_smoker":14,"minecraft:fall_one_cm":181909,"minecraft:horse_one_cm":193412},"minecraft:killed":{"minecraft:spider":2,"minecraft:skeleton":3,"minecraft:chicken":4,"minecraft:drowned":1,"minecraft:pig":20,"minecraft:rabbit":1,"minecraft:iron_golem":2,"minecraft:frog":1,"minecraft:sheep":14,"minecraft:pillager":2,"minecraft:zombie":4,"minecraft:cow":5},"minecraft:crafted":{"minecraft:cherry_planks":792,"minecraft:oak_planks":152,"minecraft:cherry_slab":6,"minecraft:furnace":1,"minecraft:cooked_mutton":11,"minecraft:oak_trapdoor":2,"minecraft:cherry_trapdoor":2,"minecraft:bow":1,"minecraft:iron_boots":1,"minecraft:iron_axe":3,"minecraft:chest":1,"minecraft:wheat":162,"minecraft:cooked_beef":12,"minecraft:arrow":64,"minecraft:emerald":20,"minecraft:cooked_porkchop":14,"minecraft:crafting_table":4,"minecraft:iron_helmet":1,"minecraft:wooden_pickaxe":1,"minecraft:iron_sword":2,"minecraft:bucket":2,"minecraft:bread":53,"minecraft:air":0,"minecraft:oak_boat":1,"minecraft:golden_apple":1,"minecraft:shield":2,"minecraft:stick":656,"minecraft:iron_ingot":15,"minecraft:iron_pickaxe":1,"minecraft:wooden_axe":1,"minecraft:iron_shovel":1,"minecraft:gold_ingot":9,"minecraft:white_bed":1,"minecraft:torch":56}},"DataVersion":3953}