{"stats":{"minecraft:used":{"minecraft:glow_berries":2,"minecraft:spore_blossom":1},"minecraft:mined":{"minecraft:spore_blossom":1,"minecraft:cave_vines":3,"minecraft:cave_vines_plant":1},"minecraft:picked_up":{"minecraft:wheat_seeds":1,"minecraft:spore_blossom":1,"minecraft:glow_berries":3},"minecraft:custom":{"minecraft:time_since_rest":2041,"minecraft:walk_one_cm":5741,"minecraft:crouch_one_cm":88,"minecraft:play_time":3213,"minecraft:sprint_one_cm":13568,"minecraft:damage_taken":142,"minecraft:deaths":1,"minecraft:sneak_time":112,"minecraft:walk_under_water_one_cm":1117,"minecraft:jump":97,"minecraft:damage_dealt":185,"minecraft:time_since_death":2017,"minecraft:walk_on_water_one_cm":1609,"minecraft:total_world_time":3213,"minecraft:swim_one_cm":1657,"minecraft:fall_one_cm":4383,"minecraft:fly_one_cm":14895}},"DataVersion":3953}