{"stats":{"minecraft:picked_up":{"minecraft:raw_iron":1,"minecraft:oak_slab":2,"minecraft:stick":1,"minecraft:iron_chestplate":1,"minecraft:azure_bluet":2,"minecraft:glow_ink_sac":5,"minecraft:water_bucket":1,"minecraft:yellow_wool":6,"minecraft:oak_pressure_plate":64,"minecraft:gravel":2,"minecraft:oak_log":34,"minecraft:yellow_bed":1,"minecraft:shield":1,"minecraft:gunpowder":5,"minecraft:redstone":1,"minecraft:music_disc_cat":1,"minecraft:iron_axe":1,"minecraft:iron_leggings":1,"minecraft:iron_hoe":1,"minecraft:iron_shovel":1,"minecraft:arrow":10,"minecraft:bone":22,"minecraft:rotten_flesh":24,"minecraft:oak_sign":2,"minecraft:bow":1,"minecraft:beetroot_seeds":5,"minecraft:wheat_seeds":5,"minecraft:shears":1,"minecraft:iron_helmet":1,"minecraft:emerald":10,"minecraft:iron_pickaxe":1,"minecraft:rabbit":1,"minecraft:oak_planks":7,"minecraft:white_wool":6,"minecraft:iron_boots":1,"minecraft:oxeye_daisy":1},"minecraft:custom":{"minecraft:time_since_rest":0,"minecraft:sprint_one_cm":12383,"minecraft:damage_taken":499,"minecraft:walk_one_cm":4799,"minecraft:drop":43,"minecraft:damage_dealt":46,"minecraft:fly_one_cm":13102,"minecraft:play_time":2493,"minecraft:deaths":1,"minecraft:sneak_time":24,"minecraft:jump":72,"minecraft:sleep_in_bed":1,"minecraft:time_since_death":1549,"minecraft:total_world_time":2493,"minecraft:fall_one_cm":1187},"minecraft:mined":{"minecraft:short_grass":1},"minecraft:killed_by":{"minecraft:player":1},"minecraft:dropped":{"minecraft:gravel":2,"minecraft:oxeye_daisy":1,"minecraft:water_bucket":1,"minecraft:oak_slab":2,"minecraft:shield":1,"minecraft:wheat_seeds":5,"minecraft:gunpowder":5,"minecraft:oak_pressure_plate":64,"minecraft:oak_log":34,"minecraft:glow_ink_sac":5,"minecraft:iron_chestplate":1,"minecraft:yellow_bed":1,"minecraft:beetroot_seeds":5,"minecraft:rabbit":1,"minecraft:yellow_wool":6,"minecraft:raw_iron":1,"minecraft:rotten_flesh":24,"minecraft:iron_helmet":1,"minecraft:iron_leggings":1,"minecraft:oak_planks":7,"minecraft:iron_boots":1,"minecraft:iron_hoe":1,"minecraft:arrow":10,"minecraft:bow":1,"minecraft:iron_axe":1,"minecraft:iron_pickaxe":1,"minecraft:azure_bluet":2,"minecraft:iron_shovel":1,"minecraft:oak_sign":2,"minecraft:white_wool":6,"minecraft:shears":1,"minecraft:music_disc_cat":1,"minecraft:redstone":1,"minecraft:stick":1,"minecraft:emerald":10,"minecraft:bone":22}},"DataVersion":3953}