{"stats":{"minecraft:mined":{"minecraft:short_grass":5,"minecraft:grass_block":2,"minecraft:lapis_ore":1,"minecraft:iron_ore":29,"minecraft:sweet_berry_bush":11,"minecraft:birch_leaves":6,"minecraft:oak_log":10,"minecraft:coal_ore":9,"minecraft:dirt":2,"minecraft:stone":13,"minecraft:oak_leaves":24},"minecraft:killed_by":{"minecraft:skeleton":2},"minecraft:used":{"minecraft:iron_shovel":4,"minecraft:stone_pickaxe":53,"minecraft:oak_planks":14,"minecraft:stone":2,"minecraft:dirt":2,"minecraft:crafting_table":1,"minecraft:oak_log":1,"minecraft:apple":1,"minecraft:chicken":1,"minecraft:iron_axe":26,"minecraft:golden_sword":2,"minecraft:cobblestone":13,"minecraft:sweet_berries":7,"minecraft:oak_sapling":2,"minecraft:porkchop":2},"minecraft:custom":{"minecraft:interact_with_furnace":25,"minecraft:mob_kills":17,"minecraft:interact_with_crafting_table":2,"minecraft:time_since_death":12031,"minecraft:climb_one_cm":7219,"minecraft:time_since_rest":12061,"minecraft:sprint_one_cm":98145,"minecraft:damage_taken":787,"minecraft:walk_one_cm":51190,"minecraft:drop":13,"minecraft:damage_dealt":1374,"minecraft:swim_one_cm":13244,"minecraft:fly_one_cm":101658,"minecraft:open_chest":1,"minecraft:crouch_one_cm":8424,"minecraft:play_time":26197,"minecraft:deaths":2,"minecraft:sneak_time":3612,"minecraft:walk_under_water_one_cm":6014,"minecraft:jump":679,"minecraft:walk_on_water_one_cm":12520,"minecraft:total_world_time":26197,"minecraft:fall_one_cm":16446},"minecraft:crafted":{"minecraft:oak_planks":28,"minecraft:crafting_table":1,"minecraft:wooden_pickaxe":1,"minecraft:air":0,"minecraft:stick":4,"minecraft:iron_ingot":7,"minecraft:wooden_axe":1},"minecraft:dropped":{"minecraft:iron_ingot":7,"minecraft:wheat_seeds":1,"minecraft:brown_mushroom":2,"minecraft:lapis_lazuli":5,"minecraft:raw_iron":10,"minecraft:oak_fence":9,"minecraft:feather":5,"minecraft:leather":1,"minecraft:coal":3,"minecraft:dirt":1,"minecraft:oak_sapling":2},"minecraft:picked_up":{"minecraft:feather":6,"minecraft:chicken":3,"minecraft:leather":1,"minecraft:brown_mushroom":2,"minecraft:lead":2,"minecraft:flint":6,"minecraft:oak_log":10,"minecraft:shield":1,"minecraft:lapis_lazuli":5,"minecraft:dirt":4,"minecraft:iron_axe":2,"minecraft:iron_shovel":1,"minecraft:apple":1,"minecraft:stone_bricks":21,"minecraft:wheat_seeds":1,"minecraft:beef":3,"minecraft:stone_pickaxe":2,"minecraft:oak_planks":3,"minecraft:egg":2,"minecraft:stick":4,"minecraft:raw_iron":29,"minecraft:stone":2,"minecraft:sweet_berries":31,"minecraft:oak_fence":18,"minecraft:gravel":11,"minecraft:porkchop":10,"minecraft:spruce_sapling":1,"minecraft:oak_sapling":5,"minecraft:black_wool":2,"minecraft:mutton":12,"minecraft:coal":9,"minecraft:white_wool":5,"minecraft:cobblestone":13},"minecraft:killed":{"minecraft:pig":4,"minecraft:sheep":7,"minecraft:chicken":3,"minecraft:cow":2}},"DataVersion":3953}