{"stats":{"minecraft:used":{"minecraft:birch_planks":4,"minecraft:bread":4,"minecraft:spore_blossom":1,"minecraft:glow_berries":2,"minecraft:golden_hoe":34,"minecraft:sand":1,"minecraft:golden_carrot":1,"minecraft:white_bed":1,"minecraft:golden_chestplate":1,"minecraft:golden_axe":16},"minecraft:broken":{"minecraft:golden_hoe":1,"minecraft:golden_axe":1},"minecraft:crafted":{"minecraft:crafting_table":1,"minecraft:stick":4,"minecraft:dark_oak_planks":32,"minecraft:birch_planks":20,"minecraft:wheat":405},"minecraft:mined":{"minecraft:hay_block":46,"minecraft:spore_blossom":1,"minecraft:white_bed":1,"minecraft:birch_log":5,"minecraft:birch_leaves":2,"minecraft:clay":1,"minecraft:cave_vines_plant":1,"minecraft:short_grass":9,"minecraft:cave_vines":3,"minecraft:sand":1,"minecraft:tall_grass":3},"minecraft:dropped":{"minecraft:wheat_seeds":1},"minecraft:picked_up":{"minecraft:birch_log":5,"minecraft:clay_ball":4,"minecraft:sand":1,"minecraft:white_bed":1,"minecraft:dark_oak_log":8,"minecraft:dark_oak_planks":3,"minecraft:wheat_seeds":2,"minecraft:spore_blossom":1,"minecraft:hay_block":45,"minecraft:iron_ingot":3,"minecraft:glow_berries":3},"minecraft:custom":{"minecraft:time_since_rest":696,"minecraft:sprint_one_cm":52436,"minecraft:damage_taken":703,"minecraft:walk_one_cm":21999,"minecraft:mob_kills":2,"minecraft:drop":1,"minecraft:damage_dealt":1516,"minecraft:swim_one_cm":13925,"minecraft:fly_one_cm":68606,"minecraft:open_chest":4,"minecraft:crouch_one_cm":1901,"minecraft:play_time":15213,"minecraft:deaths":2,"minecraft:sneak_time":731,"minecraft:walk_under_water_one_cm":2340,"minecraft:boat_one_cm":90736,"minecraft:jump":364,"minecraft:walk_on_water_one_cm":2714,"minecraft:time_since_death":10724,"minecraft:sleep_in_bed":3,"minecraft:total_world_time":15213,"minecraft:fall_one_cm":15544},"minecraft:killed":{"minecraft:zombie":1,"minecraft:iron_golem":1}},"DataVersion":3953}