{"stats":{"minecraft:mined":{"minecraft:deepslate_diamond_ore":2,"minecraft:crafting_table":2,"minecraft:torch":7,"minecraft:short_grass":17,"minecraft:grass_block":4,"minecraft:dead_bush":2,"minecraft:cobblestone":10,"minecraft:lapis_ore":1,"minecraft:sugar_cane":5,"minecraft:oak_planks":3,"minecraft:wall_torch":5,"minecraft:chain":1,"minecraft:furnace":1,"minecraft:iron_ore":51,"minecraft:sweet_berry_bush":11,"minecraft:andesite":1,"minecraft:birch_leaves":6,"minecraft:gold_block":2,"minecraft:oak_log":33,"minecraft:coal_ore":35,"minecraft:dirt":17,"minecraft:deepslate":13,"minecraft:stone":37,"minecraft:oak_leaves":28},"minecraft:killed_by":{"minecraft:skeleton":3,"minecraft:creeper":1},"minecraft:custom":{"minecraft:interact_with_furnace":74,"minecraft:mob_kills":44,"minecraft:interact_with_crafting_table":12,"minecraft:time_since_death":46189,"minecraft:sleep_in_bed":3,"minecraft:climb_one_cm":13015,"minecraft:time_since_rest":26378,"minecraft:sprint_one_cm":352529,"minecraft:damage_taken":2483,"minecraft:walk_one_cm":147205,"minecraft:damage_blocked_by_shield":2167,"minecraft:drop":33,"minecraft:damage_dealt":4619,"minecraft:swim_one_cm":34918,"minecraft:fly_one_cm":371128,"minecraft:open_chest":19,"minecraft:crouch_one_cm":22380,"minecraft:play_time":80197,"minecraft:deaths":4,"minecraft:sneak_time":9061,"minecraft:walk_under_water_one_cm":14319,"minecraft:jump":2218,"minecraft:interact_with_smoker":4,"minecraft:walk_on_water_one_cm":43333,"minecraft:total_world_time":80197,"minecraft:fall_one_cm":52903},"minecraft:used":{"minecraft:cooked_mutton":4,"minecraft:iron_shovel":4,"minecraft:stone_pickaxe":110,"minecraft:oak_planks":60,"minecraft:shield":21,"minecraft:iron_sword":67,"minecraft:stone":2,"minecraft:iron_chestplate":1,"minecraft:torch":57,"minecraft:mutton":2,"minecraft:dirt":5,"minecraft:crafting_table":3,"minecraft:white_bed":1,"minecraft:oak_log":1,"minecraft:apple":2,"minecraft:chicken":3,"minecraft:iron_axe":95,"minecraft:bread":2,"minecraft:iron_pickaxe":58,"minecraft:golden_sword":2,"minecraft:cobblestone":40,"minecraft:sweet_berries":7,"minecraft:furnace":1,"minecraft:cooked_porkchop":9,"minecraft:oak_sapling":2,"minecraft:porkchop":16,"minecraft:cobbled_deepslate":12,"minecraft:egg":2,"minecraft:cooked_beef":2,"minecraft:iron_leggings":1},"minecraft:dropped":{"minecraft:bread":1,"minecraft:iron_ingot":7,"minecraft:iron_sword":1,"minecraft:wheat_seeds":3,"minecraft:brown_mushroom":2,"minecraft:lapis_lazuli":5,"minecraft:cooked_beef":2,"minecraft:diamond":1,"minecraft:raw_iron":10,"minecraft:oak_fence":9,"minecraft:feather":5,"minecraft:leather":1,"minecraft:cooked_mutton":4,"minecraft:rail":2,"minecraft:coal":4,"minecraft:dirt":1,"minecraft:oak_sapling":2,"minecraft:string":1,"minecraft:redstone":3,"minecraft:white_wool":2,"minecraft:bone":3,"minecraft:black_wool":2},"minecraft:crafted":{"minecraft:cooked_beef":3,"minecraft:oak_planks":120,"minecraft:cooked_porkchop":9,"minecraft:crafting_table":2,"minecraft:iron_helmet":1,"minecraft:wooden_pickaxe":1,"minecraft:iron_sword":1,"minecraft:furnace":1,"minecraft:cooked_mutton":7,"minecraft:air":0,"minecraft:iron_boots":1,"minecraft:stick":28,"minecraft:iron_ingot":13,"minecraft:iron_pickaxe":1,"minecraft:wooden_axe":1,"minecraft:white_bed":1,"minecraft:torch":56},"minecraft:picked_up":{"minecraft:crafting_table":2,"minecraft:iron_chestplate":2,"minecraft:feather":6,"minecraft:cooked_beef":3,"minecraft:chicken":4,"minecraft:andesite":1,"minecraft:leather":7,"minecraft:brown_mushroom":2,"minecraft:lead":2,"minecraft:gold_block":2,"minecraft:flint":6,"minecraft:oak_log":33,"minecraft:chain":1,"minecraft:shield":2,"minecraft:gunpowder":1,"minecraft:lapis_lazuli":7,"minecraft:string":2,"minecraft:dirt":20,"minecraft:iron_axe":3,"minecraft:iron_leggings":2,"minecraft:cooked_mutton":3,"minecraft:iron_shovel":1,"minecraft:bone":5,"minecraft:apple":2,"minecraft:stone_bricks":21,"minecraft:wheat_seeds":5,"minecraft:cobbled_deepslate":12,"minecraft:iron_ingot":13,"minecraft:beef":12,"minecraft:stone_pickaxe":4,"minecraft:sugar_cane":9,"minecraft:iron_sword":1,"minecraft:oak_planks":6,"minecraft:furnace":1,"minecraft:egg":6,"minecraft:tipped_arrow":1,"minecraft:stick":5,"minecraft:raw_iron":58,"minecraft:stone":2,"minecraft:cooked_porkchop":5,"minecraft:sweet_berries":31,"minecraft:oak_fence":18,"minecraft:torch":11,"minecraft:gravel":12,"minecraft:porkchop":31,"minecraft:spruce_sapling":1,"minecraft:arrow":8,"minecraft:rotten_flesh":2,"minecraft:diamond":2,"minecraft:rail":4,"minecraft:oak_sapling":5,"minecraft:black_wool":2,"minecraft:mutton":22,"minecraft:coal":32,"minecraft:white_wool":12,"minecraft:cobblestone":48},"minecraft:killed":{"minecraft:pig":14,"minecraft:frog":1,"minecraft:skeleton":2,"minecraft:sheep":14,"minecraft:pillager":1,"minecraft:zombie":1,"minecraft:chicken":4,"minecraft:cow":5}},"DataVersion":3953}