{"stats":{"minecraft:crafted":{"minecraft:wooden_sword":1,"minecraft:oak_planks":320,"minecraft:iron_boots":1,"minecraft:iron_axe":2,"minecraft:emerald":13,"minecraft:wooden_pickaxe":1,"minecraft:iron_helmet":1,"minecraft:bucket":1,"minecraft:air":0,"minecraft:iron_chestplate":1,"minecraft:shield":2,"minecraft:stick":472,"minecraft:iron_pickaxe":1,"minecraft:iron_leggings":1,"minecraft:torch":76},"minecraft:used":{"minecraft:cracked_deepslate_bricks":1,"minecraft:poppy":3,"minecraft:diamond_hoe":1,"minecraft:shield":1,"minecraft:iron_chestplate":4,"minecraft:torch":61,"minecraft:dirt":1,"minecraft:mutton":1,"minecraft:carrot":17,"minecraft:azure_bluet":1,"minecraft:iron_axe":108,"minecraft:iron_helmet":1,"minecraft:iron_boots":4,"minecraft:cooked_beef":2,"minecraft:iron_leggings":2,"minecraft:water_bucket":5,"minecraft:oak_planks":21,"minecraft:wooden_pickaxe":13,"minecraft:white_wool":1,"minecraft:salmon":3,"minecraft:apple":5,"minecraft:bread":2,"minecraft:iron_pickaxe":23,"minecraft:wooden_sword":19,"minecraft:cobblestone":1,"minecraft:bucket":6,"minecraft:smooth_stone":1},"minecraft:picked_up":{"minecraft:iron_chestplate":8,"minecraft:azure_bluet":7,"minecraft:yellow_wool":6,"minecraft:wooden_pickaxe":1,"minecraft:shield":6,"minecraft:music_disc_cat":1,"minecraft:iron_axe":5,"minecraft:wooden_sword":1,"minecraft:iron_leggings":6,"minecraft:iron_shovel":1,"minecraft:oak_sign":2,"minecraft:smooth_stone":9,"minecraft:bucket":3,"minecraft:poppy":7,"minecraft:iron_pickaxe":6,"minecraft:sugar_cane":4,"minecraft:iron_boots":8,"minecraft:stick":27,"minecraft:raw_iron":20,"minecraft:torch":12,"minecraft:carrot":168,"minecraft:redstone":1,"minecraft:arrow":11,"minecraft:rotten_flesh":31,"minecraft:beetroot_seeds":5,"minecraft:shears":1,"minecraft:cracked_deepslate_bricks":1,"minecraft:mutton":1,"minecraft:white_wool":8,"minecraft:cobblestone":8,"minecraft:oxeye_daisy":1,"minecraft:cooked_beef":2,"minecraft:glow_ink_sac":5,"minecraft:water_bucket":2,"minecraft:salmon":17,"minecraft:flint":1,"minecraft:oak_log":116,"minecraft:yellow_bed":1,"minecraft:gunpowder":5,"minecraft:lapis_lazuli":34,"minecraft:dirt":15,"minecraft:bone":30,"minecraft:apple":5,"minecraft:bow":1,"minecraft:wheat_seeds":14,"minecraft:iron_ingot":70,"minecraft:rabbit":1,"minecraft:oak_planks":254,"minecraft:oak_slab":2,"minecraft:oak_pressure_plate":64,"minecraft:dripstone_block":1,"minecraft:gravel":2,"minecraft:ink_sac":13,"minecraft:iron_hoe":1,"minecraft:diamond":4,"minecraft:spruce_boat":1,"minecraft:iron_helmet":4,"minecraft:gray_wool":1,"minecraft:emerald":23,"minecraft:bread":49,"minecraft:coal":35,"minecraft:diamond_pickaxe":1},"minecraft:custom":{"minecraft:mob_kills":2,"minecraft:interact_with_crafting_table":10,"minecraft:bell_ring":2,"minecraft:leave_game":2,"minecraft:time_since_death":822,"minecraft:climb_one_cm":2124,"minecraft:sprint_one_cm":272504,"minecraft:walk_one_cm":74679,"minecraft:drop":76,"minecraft:talked_to_villager":16,"minecraft:play_time":63304,"minecraft:deaths":21,"minecraft:sneak_time":8635,"minecraft:walk_under_water_one_cm":13393,"minecraft:jump":2293,"minecraft:walk_on_water_one_cm":12079,"minecraft:total_world_time":63304,"minecraft:traded_with_villager":13,"minecraft:sleep_in_bed":6,"minecraft:time_since_rest":845,"minecraft:damage_taken":5784,"minecraft:damage_dealt":1262,"minecraft:swim_one_cm":79608,"minecraft:fly_one_cm":506081,"minecraft:player_kills":2,"minecraft:open_chest":8,"minecraft:crouch_one_cm":33078,"minecraft:fall_one_cm":104181},"minecraft:killed":{"minecraft:sheep":1},"minecraft:killed_by":{"minecraft:player":10,"minecraft:drowned":1,"minecraft:warden":2,"minecraft:zombie":1},"minecraft:mined":{"minecraft:deepslate_diamond_ore":2,"minecraft:sculk_vein":1,"minecraft:grass_block":1,"minecraft:carrots":20,"minecraft:azure_bluet":3,"minecraft:dirt_path":1,"minecraft:stone":1,"minecraft:torch":2,"minecraft:short_grass":40,"minecraft:poppy":2,"minecraft:tall_grass":4,"minecraft:cobblestone":5,"minecraft:sugar_cane":3,"minecraft:cracked_deepslate_bricks":1,"minecraft:wall_torch":6,"minecraft:gray_wool":1,"minecraft:oak_log":66,"minecraft:coal_ore":19,"minecraft:gravel":1},"minecraft:dropped":{"minecraft:water_bucket":1,"minecraft:oak_slab":2,"minecraft:wheat_seeds":12,"minecraft:oak_pressure_plate":64,"minecraft:lapis_lazuli":34,"minecraft:oak_log":34,"minecraft:glow_ink_sac":5,"minecraft:dripstone_block":1,"minecraft:iron_helmet":1,"minecraft:stick":5,"minecraft:emerald":10,"minecraft:oxeye_daisy":1,"minecraft:dirt":14,"minecraft:ink_sac":5,"minecraft:rabbit":1,"minecraft:iron_leggings":1,"minecraft:iron_axe":1,"minecraft:iron_pickaxe":2,"minecraft:iron_shovel":1,"minecraft:white_wool":6,"minecraft:bucket":1,"minecraft:music_disc_cat":1,"minecraft:redstone":1,"minecraft:bone":29,"minecraft:gravel":2,"minecraft:sugar_cane":4,"minecraft:yellow_wool":6,"minecraft:raw_iron":20,"minecraft:rotten_flesh":31,"minecraft:oak_planks":7,"minecraft:iron_boots":1,"minecraft:iron_hoe":1,"minecraft:azure_bluet":3,"minecraft:oak_sign":2,"minecraft:shears":1,"minecraft:carrot":8,"minecraft:poppy":1,"minecraft:shield":1,"minecraft:gunpowder":5,"minecraft:diamond_pickaxe":1,"minecraft:iron_chestplate":2,"minecraft:beetroot_seeds":5,"minecraft:yellow_bed":1,"minecraft:bow":1,"minecraft:arrow":10}},"DataVersion":3953}