{"stats":{"minecraft:used":{"minecraft:water_bucket":1,"minecraft:birch_planks":4,"minecraft:stone_pickaxe":113,"minecraft:shield":12,"minecraft:torch":55,"minecraft:glow_berries":2,"minecraft:golden_hoe":34,"minecraft:sand":1,"minecraft:crafting_table":3,"minecraft:white_bed":2,"minecraft:golden_chestplate":2,"minecraft:bread":18,"minecraft:iron_pickaxe":26,"minecraft:spore_blossom":1,"minecraft:stone_axe":23,"minecraft:golden_carrot":1,"minecraft:cobblestone":31,"minecraft:furnace":2,"minecraft:bucket":2,"minecraft:golden_axe":16,"minecraft:pointed_dripstone":1},"minecraft:broken":{"minecraft:golden_hoe":1,"minecraft:golden_axe":1},"minecraft:crafted":{"minecraft:crafting_table":3,"minecraft:iron_sword":1,"minecraft:furnace":2,"minecraft:bucket":1,"minecraft:birch_planks":20,"minecraft:stone_axe":1,"minecraft:bread":135,"minecraft:air":0,"minecraft:shield":1,"minecraft:stick":28,"minecraft:iron_ingot":10,"minecraft:iron_pickaxe":1,"minecraft:stone_pickaxe":1,"minecraft:wooden_axe":1,"minecraft:dark_oak_planks":32,"minecraft:torch":52,"minecraft:wheat":405},"minecraft:mined":{"minecraft:white_bed":2,"minecraft:deepslate_diamond_ore":2,"minecraft:crafting_table":1,"minecraft:clay":1,"minecraft:torch":3,"minecraft:cave_vines_plant":1,"minecraft:granite":8,"minecraft:short_grass":9,"minecraft:tall_grass":5,"minecraft:cobblestone":5,"minecraft:lapis_ore":2,"minecraft:diorite":13,"minecraft:hay_block":46,"minecraft:spore_blossom":1,"minecraft:furnace":1,"minecraft:birch_log":5,"minecraft:iron_ore":2,"minecraft:birch_leaves":2,"minecraft:coal_ore":13,"minecraft:cave_vines":3,"minecraft:deepslate_iron_ore":7,"minecraft:sand":1,"minecraft:stone":84},"minecraft:dropped":{"minecraft:bread":43,"minecraft:wheat_seeds":1,"minecraft:stick":8,"minecraft:diorite":13,"minecraft:golden_carrot":2,"minecraft:wooden_axe":1},"minecraft:picked_up":{"minecraft:birch_log":5,"minecraft:crafting_table":1,"minecraft:golden_carrot":17,"minecraft:clay_ball":4,"minecraft:tuff":2,"minecraft:gunpowder":2,"minecraft:map":2,"minecraft:lapis_lazuli":16,"minecraft:raw_copper":6,"minecraft:apple":4,"minecraft:wheat_seeds":2,"minecraft:gold_nugget":21,"minecraft:spore_blossom":1,"minecraft:iron_ingot":3,"minecraft:iron_pickaxe":1,"minecraft:furnace":1,"minecraft:stick":22,"minecraft:raw_iron":16,"minecraft:torch":13,"minecraft:gravel":1,"minecraft:sand":1,"minecraft:pointed_dripstone":1,"minecraft:diorite":26,"minecraft:white_bed":2,"minecraft:dark_oak_log":8,"minecraft:golden_chestplate":1,"minecraft:dark_oak_planks":22,"minecraft:diamond":2,"minecraft:stone_axe":1,"minecraft:hay_block":45,"minecraft:granite":10,"minecraft:golden_horse_armor":1,"minecraft:bread":95,"minecraft:glow_berries":3,"minecraft:coal":25,"minecraft:cobblestone":168},"minecraft:custom":{"minecraft:interact_with_furnace":11,"minecraft:mob_kills":7,"minecraft:interact_with_crafting_table":12,"minecraft:time_since_death":11632,"minecraft:sleep_in_bed":3,"minecraft:time_since_rest":11665,"minecraft:sprint_one_cm":153562,"minecraft:damage_taken":1767,"minecraft:walk_one_cm":48274,"minecraft:damage_blocked_by_shield":941,"minecraft:drop":7,"minecraft:damage_dealt":2481,"minecraft:swim_one_cm":24653,"minecraft:talked_to_villager":1,"minecraft:fly_one_cm":219169,"minecraft:open_chest":6,"minecraft:crouch_one_cm":13273,"minecraft:play_time":39213,"minecraft:deaths":4,"minecraft:sneak_time":4429,"minecraft:walk_under_water_one_cm":3294,"minecraft:boat_one_cm":90736,"minecraft:jump":1009,"minecraft:walk_on_water_one_cm":10739,"minecraft:total_world_time":39213,"minecraft:fall_one_cm":36483},"minecraft:killed_by":{"minecraft:skeleton":1,"minecraft:creeper":1},"minecraft:killed":{"minecraft:spider":1,"minecraft:iron_golem":1,"minecraft:skeleton":1,"minecraft:zombie":4}},"DataVersion":3953}