{"stats":{"minecraft:mined":{"minecraft:sweet_berry_bush":11,"minecraft:birch_leaves":5,"minecraft:short_grass":4,"minecraft:grass_block":1,"minecraft:oak_log":10,"minecraft:dirt":1,"minecraft:oak_leaves":19},"minecraft:killed_by":{"minecraft:skeleton":2},"minecraft:used":{"minecraft:oak_log":1,"minecraft:apple":1,"minecraft:iron_shovel":4,"minecraft:chicken":1,"minecraft:oak_planks":14,"minecraft:stone":2,"minecraft:golden_sword":2,"minecraft:sweet_berries":7,"minecraft:crafting_table":1,"minecraft:oak_sapling":2},"minecraft:custom":{"minecraft:time_since_rest":61,"minecraft:sprint_one_cm":58881,"minecraft:damage_taken":587,"minecraft:walk_one_cm":18423,"minecraft:mob_kills":2,"minecraft:drop":4,"minecraft:damage_dealt":84,"minecraft:interact_with_crafting_table":2,"minecraft:swim_one_cm":8515,"minecraft:fly_one_cm":57565,"minecraft:open_chest":1,"minecraft:crouch_one_cm":2920,"minecraft:play_time":14197,"minecraft:deaths":2,"minecraft:sneak_time":1301,"minecraft:walk_under_water_one_cm":2230,"minecraft:jump":342,"minecraft:walk_on_water_one_cm":8437,"minecraft:time_since_death":31,"minecraft:climb_one_cm":6707,"minecraft:total_world_time":14197,"minecraft:fall_one_cm":9485},"minecraft:dropped":{"minecraft:brown_mushroom":2,"minecraft:oak_sapling":2,"minecraft:feather":5},"minecraft:crafted":{"minecraft:oak_planks":28,"minecraft:crafting_table":1,"minecraft:stick":4,"minecraft:wooden_pickaxe":1,"minecraft:wooden_axe":1},"minecraft:picked_up":{"minecraft:stick":4,"minecraft:feather":5,"minecraft:stone":2,"minecraft:chicken":1,"minecraft:sweet_berries":31,"minecraft:oak_fence":9,"minecraft:brown_mushroom":2,"minecraft:lead":2,"minecraft:gravel":11,"minecraft:flint":6,"minecraft:porkchop":1,"minecraft:oak_log":10,"minecraft:spruce_sapling":1,"minecraft:dirt":1,"minecraft:iron_axe":1,"minecraft:iron_shovel":1,"minecraft:apple":1,"minecraft:stone_bricks":21,"minecraft:stone_pickaxe":1,"minecraft:oak_sapling":5,"minecraft:oak_planks":3},"minecraft:killed":{"minecraft:chicken":1}},"DataVersion":3953}