{"stats":{"minecraft:mined":{"minecraft:deepslate_diamond_ore":2,"minecraft:crafting_table":2,"minecraft:torch":7,"minecraft:short_grass":5,"minecraft:grass_block":2,"minecraft:lapis_ore":1,"minecraft:oak_planks":3,"minecraft:wall_torch":5,"minecraft:chain":1,"minecraft:furnace":1,"minecraft:iron_ore":51,"minecraft:sweet_berry_bush":11,"minecraft:andesite":1,"minecraft:birch_leaves":6,"minecraft:oak_log":19,"minecraft:coal_ore":29,"minecraft:dirt":4,"minecraft:deepslate":13,"minecraft:stone":30,"minecraft:oak_leaves":24},"minecraft:killed_by":{"minecraft:skeleton":3,"minecraft:creeper":1},"minecraft:custom":{"minecraft:interact_with_furnace":57,"minecraft:mob_kills":19,"minecraft:interact_with_crafting_table":11,"minecraft:time_since_death":16189,"minecraft:sleep_in_bed":2,"minecraft:climb_one_cm":7219,"minecraft:time_since_rest":14086,"minecraft:sprint_one_cm":193444,"minecraft:damage_taken":1941,"minecraft:walk_one_cm":86170,"minecraft:damage_blocked_by_shield":929,"minecraft:drop":20,"minecraft:damage_dealt":1939,"minecraft:swim_one_cm":16140,"minecraft:fly_one_cm":199211,"minecraft:open_chest":14,"minecraft:crouch_one_cm":19363,"minecraft:play_time":50197,"minecraft:deaths":4,"minecraft:sneak_time":7507,"minecraft:walk_under_water_one_cm":7628,"minecraft:jump":1252,"minecraft:walk_on_water_one_cm":26540,"minecraft:total_world_time":50197,"minecraft:fall_one_cm":30560},"minecraft:used":{"minecraft:cooked_mutton":2,"minecraft:iron_shovel":4,"minecraft:stone_pickaxe":110,"minecraft:oak_planks":14,"minecraft:shield":9,"minecraft:stone":2,"minecraft:iron_chestplate":1,"minecraft:torch":54,"minecraft:dirt":2,"minecraft:crafting_table":3,"minecraft:white_bed":1,"minecraft:oak_log":1,"minecraft:apple":1,"minecraft:chicken":3,"minecraft:iron_axe":67,"minecraft:iron_pickaxe":21,"minecraft:golden_sword":2,"minecraft:cobblestone":23,"minecraft:sweet_berries":7,"minecraft:furnace":1,"minecraft:cooked_porkchop":6,"minecraft:oak_sapling":2,"minecraft:porkchop":2,"minecraft:cobbled_deepslate":6,"minecraft:egg":2,"minecraft:cooked_beef":2,"minecraft:iron_leggings":1},"minecraft:dropped":{"minecraft:iron_ingot":7,"minecraft:wheat_seeds":1,"minecraft:brown_mushroom":2,"minecraft:lapis_lazuli":5,"minecraft:raw_iron":10,"minecraft:oak_fence":9,"minecraft:feather":5,"minecraft:leather":1,"minecraft:rail":2,"minecraft:coal":3,"minecraft:dirt":1,"minecraft:oak_sapling":2,"minecraft:string":1,"minecraft:redstone":3,"minecraft:white_wool":2,"minecraft:bone":2,"minecraft:black_wool":2},"minecraft:crafted":{"minecraft:cooked_beef":3,"minecraft:oak_planks":56,"minecraft:cooked_porkchop":7,"minecraft:crafting_table":2,"minecraft:iron_helmet":1,"minecraft:wooden_pickaxe":1,"minecraft:furnace":1,"minecraft:cooked_mutton":3,"minecraft:air":0,"minecraft:iron_boots":1,"minecraft:stick":28,"minecraft:iron_ingot":9,"minecraft:iron_pickaxe":1,"minecraft:wooden_axe":1,"minecraft:white_bed":1,"minecraft:torch":56},"minecraft:picked_up":{"minecraft:crafting_table":2,"minecraft:iron_chestplate":2,"minecraft:feather":6,"minecraft:cooked_beef":2,"minecraft:chicken":3,"minecraft:andesite":1,"minecraft:leather":1,"minecraft:brown_mushroom":2,"minecraft:lead":2,"minecraft:flint":6,"minecraft:oak_log":19,"minecraft:chain":1,"minecraft:shield":2,"minecraft:lapis_lazuli":7,"minecraft:string":2,"minecraft:dirt":5,"minecraft:iron_axe":3,"minecraft:iron_leggings":2,"minecraft:cooked_mutton":2,"minecraft:iron_shovel":1,"minecraft:bone":3,"minecraft:apple":1,"minecraft:stone_bricks":21,"minecraft:wheat_seeds":1,"minecraft:cobbled_deepslate":12,"minecraft:iron_ingot":13,"minecraft:beef":3,"minecraft:stone_pickaxe":4,"minecraft:oak_planks":6,"minecraft:furnace":1,"minecraft:egg":2,"minecraft:stick":4,"minecraft:raw_iron":58,"minecraft:stone":2,"minecraft:cooked_porkchop":5,"minecraft:sweet_berries":31,"minecraft:oak_fence":18,"minecraft:torch":10,"minecraft:gravel":12,"minecraft:porkchop":10,"minecraft:spruce_sapling":1,"minecraft:arrow":5,"minecraft:rotten_flesh":2,"minecraft:diamond":2,"minecraft:rail":4,"minecraft:oak_sapling":5,"minecraft:black_wool":2,"minecraft:mutton":12,"minecraft:coal":27,"minecraft:white_wool":5,"minecraft:cobblestone":31},"minecraft:killed":{"minecraft:pig":4,"minecraft:skeleton":1,"minecraft:sheep":7,"minecraft:zombie":1,"minecraft:chicken":3,"minecraft:cow":2}},"DataVersion":3953}