{"stats":{"minecraft:crafted":{"minecraft:wooden_sword":1,"minecraft:oak_planks":612,"minecraft:furnace":1,"minecraft:iron_boots":2,"minecraft:iron_axe":3,"minecraft:emerald":13,"minecraft:cooked_porkchop":2,"minecraft:wooden_pickaxe":1,"minecraft:iron_helmet":2,"minecraft:bucket":1,"minecraft:air":0,"minecraft:iron_chestplate":2,"minecraft:shield":3,"minecraft:stick":484,"minecraft:iron_pickaxe":1,"minecraft:iron_leggings":2,"minecraft:torch":76},"minecraft:used":{"minecraft:cracked_deepslate_bricks":1,"minecraft:poppy":3,"minecraft:diamond_hoe":1,"minecraft:shield":1,"minecraft:iron_chestplate":5,"minecraft:torch":62,"minecraft:dirt":5,"minecraft:mutton":1,"minecraft:carrot":17,"minecraft:azure_bluet":1,"minecraft:iron_axe":125,"minecraft:iron_helmet":2,"minecraft:iron_boots":5,"minecraft:furnace":1,"minecraft:cooked_beef":2,"minecraft:iron_leggings":3,"minecraft:water_bucket":5,"minecraft:oak_planks":24,"minecraft:wooden_pickaxe":13,"minecraft:white_wool":1,"minecraft:salmon":3,"minecraft:diamond_pickaxe":14,"minecraft:apple":5,"minecraft:bread":2,"minecraft:iron_pickaxe":23,"minecraft:wooden_sword":19,"minecraft:cobblestone":1,"minecraft:cooked_porkchop":2,"minecraft:bucket":6,"minecraft:smooth_stone":1},"minecraft:picked_up":{"minecraft:iron_chestplate":8,"minecraft:wheat":1,"minecraft:azure_bluet":7,"minecraft:yellow_wool":6,"minecraft:wooden_pickaxe":1,"minecraft:gold_block":2,"minecraft:shield":7,"minecraft:music_disc_cat":1,"minecraft:iron_axe":6,"minecraft:wooden_sword":1,"minecraft:iron_leggings":7,"minecraft:iron_shovel":1,"minecraft:oak_sign":2,"minecraft:smooth_stone":9,"minecraft:bucket":3,"minecraft:poppy":7,"minecraft:iron_pickaxe":6,"minecraft:sugar_cane":4,"minecraft:furnace":2,"minecraft:iron_boots":8,"minecraft:stick":37,"minecraft:raw_iron":20,"minecraft:torch":15,"minecraft:porkchop":3,"minecraft:carrot":168,"minecraft:redstone":1,"minecraft:arrow":11,"minecraft:rotten_flesh":31,"minecraft:beetroot_seeds":5,"minecraft:shears":1,"minecraft:cracked_deepslate_bricks":1,"minecraft:obsidian":6,"minecraft:mutton":1,"minecraft:white_wool":8,"minecraft:cobblestone":16,"minecraft:oxeye_daisy":1,"minecraft:cooked_beef":2,"minecraft:glow_ink_sac":5,"minecraft:water_bucket":2,"minecraft:salmon":17,"minecraft:flint":1,"minecraft:oak_log":252,"minecraft:yellow_bed":1,"minecraft:gunpowder":5,"minecraft:lapis_lazuli":34,"minecraft:dirt":19,"minecraft:bone":30,"minecraft:apple":5,"minecraft:bow":1,"minecraft:wheat_seeds":20,"minecraft:iron_ingot":270,"minecraft:rabbit":1,"minecraft:oak_planks":254,"minecraft:oak_slab":2,"minecraft:oak_pressure_plate":64,"minecraft:dripstone_block":1,"minecraft:gravel":2,"minecraft:ink_sac":13,"minecraft:iron_hoe":1,"minecraft:diamond":4,"minecraft:spruce_boat":1,"minecraft:iron_helmet":4,"minecraft:gray_wool":1,"minecraft:emerald":23,"minecraft:bread":49,"minecraft:netherrack":3,"minecraft:coal":35,"minecraft:diamond_pickaxe":4},"minecraft:custom":{"minecraft:mob_kills":4,"minecraft:interact_with_crafting_table":16,"minecraft:bell_ring":2,"minecraft:leave_game":3,"minecraft:time_since_death":118,"minecraft:climb_one_cm":2124,"minecraft:sprint_one_cm":321544,"minecraft:walk_one_cm":92056,"minecraft:drop":84,"minecraft:talked_to_villager":21,"minecraft:play_time":75226,"minecraft:deaths":29,"minecraft:sneak_time":9512,"minecraft:walk_under_water_one_cm":13826,"minecraft:jump":2660,"minecraft:walk_on_water_one_cm":15299,"minecraft:total_world_time":75226,"minecraft:interact_with_furnace":6,"minecraft:traded_with_villager":13,"minecraft:sleep_in_bed":6,"minecraft:time_since_rest":144,"minecraft:damage_taken":8243,"minecraft:damage_dealt":1917,"minecraft:swim_one_cm":80511,"minecraft:fly_one_cm":585069,"minecraft:player_kills":4,"minecraft:open_chest":10,"minecraft:crouch_one_cm":35839,"minecraft:fall_one_cm":136269},"minecraft:killed":{"minecraft:skeleton":1,"minecraft:pig":1,"minecraft:sheep":1},"minecraft:killed_by":{"minecraft:player":14,"minecraft:drowned":1,"minecraft:warden":2,"minecraft:zombie":3},"minecraft:mined":{"minecraft:deepslate_diamond_ore":2,"minecraft:sculk_vein":1,"minecraft:obsidian":2,"minecraft:grass_block":1,"minecraft:furnace":1,"minecraft:carrots":20,"minecraft:azure_bluet":3,"minecraft:gold_block":1,"minecraft:dirt_path":3,"minecraft:stone":1,"minecraft:torch":2,"minecraft:short_grass":49,"minecraft:poppy":2,"minecraft:tall_grass":4,"minecraft:cobblestone":13,"minecraft:sugar_cane":3,"minecraft:cracked_deepslate_bricks":1,"minecraft:wall_torch":6,"minecraft:gray_wool":1,"minecraft:wheat":1,"minecraft:oak_log":73,"minecraft:coal_ore":19,"minecraft:gravel":1,"minecraft:dirt":2,"minecraft:netherrack":2},"minecraft:dropped":{"minecraft:water_bucket":1,"minecraft:iron_ingot":64,"minecraft:oak_slab":2,"minecraft:wheat_seeds":18,"minecraft:oak_pressure_plate":64,"minecraft:lapis_lazuli":34,"minecraft:oak_log":98,"minecraft:glow_ink_sac":5,"minecraft:dripstone_block":1,"minecraft:iron_helmet":1,"minecraft:stick":5,"minecraft:emerald":10,"minecraft:oxeye_daisy":1,"minecraft:dirt":14,"minecraft:ink_sac":5,"minecraft:rabbit":1,"minecraft:iron_leggings":1,"minecraft:iron_axe":1,"minecraft:iron_pickaxe":2,"minecraft:iron_shovel":1,"minecraft:white_wool":6,"minecraft:bucket":1,"minecraft:music_disc_cat":1,"minecraft:redstone":1,"minecraft:bone":29,"minecraft:gravel":2,"minecraft:sugar_cane":4,"minecraft:wheat":1,"minecraft:yellow_wool":6,"minecraft:raw_iron":20,"minecraft:rotten_flesh":31,"minecraft:oak_planks":7,"minecraft:iron_boots":1,"minecraft:iron_hoe":1,"minecraft:azure_bluet":3,"minecraft:oak_sign":2,"minecraft:shears":1,"minecraft:carrot":8,"minecraft:poppy":1,"minecraft:shield":1,"minecraft:gunpowder":5,"minecraft:diamond_pickaxe":2,"minecraft:iron_chestplate":2,"minecraft:beetroot_seeds":5,"minecraft:yellow_bed":1,"minecraft:bow":1,"minecraft:arrow":10}},"DataVersion":3953}