{"stats":{"minecraft:crafted":{"minecraft:oak_planks":292,"minecraft:emerald":13,"minecraft:iron_helmet":1,"minecraft:bucket":1,"minecraft:air":0,"minecraft:iron_boots":1,"minecraft:iron_chestplate":1,"minecraft:shield":1,"minecraft:iron_axe":1,"minecraft:stick":460,"minecraft:iron_pickaxe":1,"minecraft:iron_leggings":1,"minecraft:torch":76},"minecraft:used":{"minecraft:water_bucket":5,"minecraft:cracked_deepslate_bricks":1,"minecraft:diamond_hoe":1,"minecraft:oak_planks":21,"minecraft:poppy":1,"minecraft:shield":1,"minecraft:torch":61,"minecraft:iron_chestplate":1,"minecraft:white_wool":1,"minecraft:dirt":1,"minecraft:mutton":1,"minecraft:carrot":16,"minecraft:azure_bluet":1,"minecraft:apple":5,"minecraft:iron_axe":88,"minecraft:iron_pickaxe":23,"minecraft:iron_helmet":1,"minecraft:iron_boots":2,"minecraft:cobblestone":1,"minecraft:bucket":6,"minecraft:cooked_beef":2,"minecraft:iron_leggings":2},"minecraft:picked_up":{"minecraft:iron_chestplate":5,"minecraft:azure_bluet":5,"minecraft:cooked_beef":2,"minecraft:water_bucket":2,"minecraft:glow_ink_sac":5,"minecraft:yellow_wool":6,"minecraft:flint":1,"minecraft:oak_log":108,"minecraft:yellow_bed":1,"minecraft:shield":5,"minecraft:gunpowder":5,"minecraft:lapis_lazuli":34,"minecraft:music_disc_cat":1,"minecraft:dirt":15,"minecraft:iron_axe":4,"minecraft:iron_leggings":5,"minecraft:iron_shovel":1,"minecraft:bone":26,"minecraft:oak_sign":2,"minecraft:apple":5,"minecraft:bow":1,"minecraft:wheat_seeds":6,"minecraft:bucket":3,"minecraft:iron_ingot":52,"minecraft:poppy":2,"minecraft:iron_pickaxe":6,"minecraft:rabbit":1,"minecraft:sugar_cane":4,"minecraft:oak_planks":238,"minecraft:iron_boots":4,"minecraft:oak_slab":2,"minecraft:stick":15,"minecraft:raw_iron":20,"minecraft:torch":12,"minecraft:dripstone_block":1,"minecraft:oak_pressure_plate":64,"minecraft:gravel":2,"minecraft:carrot":156,"minecraft:redstone":1,"minecraft:iron_hoe":1,"minecraft:arrow":10,"minecraft:rotten_flesh":27,"minecraft:diamond":4,"minecraft:beetroot_seeds":5,"minecraft:shears":1,"minecraft:iron_helmet":4,"minecraft:cracked_deepslate_bricks":1,"minecraft:gray_wool":1,"minecraft:emerald":23,"minecraft:cobblestone":2,"minecraft:coal":35,"minecraft:mutton":1,"minecraft:white_wool":8,"minecraft:diamond_pickaxe":1,"minecraft:oxeye_daisy":1},"minecraft:custom":{"minecraft:mob_kills":2,"minecraft:traded_with_villager":13,"minecraft:interact_with_crafting_table":6,"minecraft:bell_ring":2,"minecraft:time_since_death":647,"minecraft:sleep_in_bed":4,"minecraft:climb_one_cm":2124,"minecraft:time_since_rest":697,"minecraft:sprint_one_cm":237165,"minecraft:damage_taken":3832,"minecraft:walk_one_cm":62181,"minecraft:drop":66,"minecraft:damage_dealt":708,"minecraft:player_kills":1,"minecraft:swim_one_cm":7185,"minecraft:talked_to_villager":16,"minecraft:fly_one_cm":410053,"minecraft:open_chest":7,"minecraft:crouch_one_cm":30767,"minecraft:play_time":50493,"minecraft:deaths":11,"minecraft:sneak_time":7832,"minecraft:walk_under_water_one_cm":10276,"minecraft:jump":1795,"minecraft:walk_on_water_one_cm":9340,"minecraft:total_world_time":50493,"minecraft:fall_one_cm":82376},"minecraft:killed":{"minecraft:sheep":1},"minecraft:killed_by":{"minecraft:warden":2,"minecraft:player":4,"minecraft:zombie":1},"minecraft:mined":{"minecraft:deepslate_diamond_ore":2,"minecraft:sculk_vein":1,"minecraft:torch":2,"minecraft:poppy":1,"minecraft:short_grass":20,"minecraft:grass_block":1,"minecraft:tall_grass":3,"minecraft:sugar_cane":3,"minecraft:cracked_deepslate_bricks":1,"minecraft:wall_torch":6,"minecraft:gray_wool":1,"minecraft:carrots":18,"minecraft:azure_bluet":2,"minecraft:coal_ore":19,"minecraft:oak_log":58,"minecraft:dirt_path":1,"minecraft:gravel":1,"minecraft:stone":1},"minecraft:dropped":{"minecraft:water_bucket":1,"minecraft:gravel":2,"minecraft:oak_slab":2,"minecraft:sugar_cane":4,"minecraft:wheat_seeds":6,"minecraft:lapis_lazuli":34,"minecraft:oak_pressure_plate":64,"minecraft:oak_log":34,"minecraft:glow_ink_sac":5,"minecraft:dripstone_block":1,"minecraft:yellow_wool":6,"minecraft:raw_iron":20,"minecraft:iron_helmet":1,"minecraft:rotten_flesh":27,"minecraft:oak_planks":7,"minecraft:iron_boots":1,"minecraft:iron_hoe":1,"minecraft:azure_bluet":2,"minecraft:carrot":8,"minecraft:shears":1,"minecraft:oak_sign":2,"minecraft:stick":5,"minecraft:emerald":10,"minecraft:oxeye_daisy":1,"minecraft:poppy":1,"minecraft:dirt":14,"minecraft:shield":1,"minecraft:gunpowder":5,"minecraft:diamond_pickaxe":1,"minecraft:iron_chestplate":2,"minecraft:beetroot_seeds":5,"minecraft:rabbit":1,"minecraft:yellow_bed":1,"minecraft:iron_leggings":1,"minecraft:iron_axe":1,"minecraft:arrow":10,"minecraft:bow":1,"minecraft:iron_pickaxe":2,"minecraft:iron_shovel":1,"minecraft:bucket":1,"minecraft:white_wool":6,"minecraft:music_disc_cat":1,"minecraft:bone":26,"minecraft:redstone":1}},"DataVersion":3953}