{"stats":{"minecraft:mined":{"minecraft:white_bed":2,"minecraft:dark_oak_leaves":2,"minecraft:deepslate_diamond_ore":2,"minecraft:budding_amethyst":1,"minecraft:cave_vines_plant":14,"minecraft:grass_block":7,"minecraft:moss_block":7,"minecraft:tall_seagrass":3,"minecraft:furnace":1,"minecraft:iron_ore":51,"minecraft:fire":2,"minecraft:andesite":1,"minecraft:moss_carpet":1,"minecraft:pumpkin":1,"minecraft:gold_block":3,"minecraft:cave_vines":17,"minecraft:small_amethyst_bud":2,"minecraft:azalea_leaves":1,"minecraft:azalea":1,"minecraft:stone":37,"minecraft:crafting_table":4,"minecraft:torch":7,"minecraft:short_grass":51,"minecraft:dead_bush":2,"minecraft:cobblestone":11,"minecraft:lapis_ore":1,"minecraft:oak_planks":3,"minecraft:sugar_cane":5,"minecraft:blue_bed":1,"minecraft:wall_torch":7,"minecraft:amethyst_block":5,"minecraft:seagrass":1,"minecraft:chain":1,"minecraft:sweet_berry_bush":11,"minecraft:birch_leaves":9,"minecraft:coal_ore":35,"minecraft:oak_log":33,"minecraft:gravel":6,"minecraft:dirt":19,"minecraft:oak_leaves":30,"minecraft:deepslate":14},"minecraft:killed_by":{"minecraft:creeper":1,"minecraft:skeleton":3},"minecraft:custom":{"minecraft:mob_kills":46,"minecraft:animals_bred":1,"minecraft:interact_with_crafting_table":19,"minecraft:time_since_death":118189,"minecraft:climb_one_cm":13512,"minecraft:sprint_one_cm":494526,"minecraft:walk_one_cm":209669,"minecraft:damage_blocked_by_shield":2675,"minecraft:drop":41,"minecraft:play_time":152197,"minecraft:deaths":4,"minecraft:sneak_time":11331,"minecraft:walk_under_water_one_cm":26348,"minecraft:boat_one_cm":262817,"minecraft:jump":3286,"minecraft:walk_on_water_one_cm":71410,"minecraft:total_world_time":152197,"minecraft:interact_with_furnace":77,"minecraft:sleep_in_bed":5,"minecraft:time_since_rest":23414,"minecraft:damage_taken":3015,"minecraft:damage_dealt":5218,"minecraft:swim_one_cm":49739,"minecraft:fly_one_cm":526313,"minecraft:open_chest":26,"minecraft:crouch_one_cm":28587,"minecraft:interact_with_smoker":11,"minecraft:fall_one_cm":81397},"minecraft:used":{"minecraft:moss_block":2,"minecraft:iron_shovel":4,"minecraft:shield":22,"minecraft:stone":2,"minecraft:iron_sword":145,"minecraft:iron_chestplate":1,"minecraft:torch":62,"minecraft:dirt":11,"minecraft:mutton":2,"minecraft:lava_bucket":6,"minecraft:iron_axe":95,"minecraft:golden_sword":2,"minecraft:sweet_berries":7,"minecraft:oak_sapling":2,"minecraft:furnace":2,"minecraft:gold_block":1,"minecraft:egg":6,"minecraft:cooked_beef":7,"minecraft:cobbled_deepslate":12,"minecraft:pumpkin":1,"minecraft:iron_leggings":1,"minecraft:cooked_mutton":5,"minecraft:water_bucket":49,"minecraft:amethyst_block":5,"minecraft:stone_pickaxe":110,"minecraft:oak_planks":83,"minecraft:glow_berries":6,"minecraft:crafting_table":5,"minecraft:white_bed":2,"minecraft:oak_log":1,"minecraft:apple":2,"minecraft:chicken":3,"minecraft:bread":2,"minecraft:iron_pickaxe":90,"minecraft:gravel":4,"minecraft:cobblestone":40,"minecraft:porkchop":16,"minecraft:cooked_porkchop":12,"minecraft:bucket":57,"minecraft:oak_boat":4},"minecraft:crafted":{"minecraft:oak_planks":120,"minecraft:furnace":1,"minecraft:cooked_mutton":11,"minecraft:iron_boots":1,"minecraft:cooked_beef":12,"minecraft:cooked_porkchop":14,"minecraft:crafting_table":2,"minecraft:wooden_pickaxe":1,"minecraft:iron_helmet":1,"minecraft:iron_sword":1,"minecraft:bucket":2,"minecraft:air":0,"minecraft:oak_boat":1,"minecraft:stick":28,"minecraft:iron_ingot":13,"minecraft:iron_pickaxe":1,"minecraft:wooden_axe":1,"minecraft:white_bed":1,"minecraft:torch":56},"minecraft:dropped":{"minecraft:water_bucket":1,"minecraft:iron_ingot":7,"minecraft:bread":1,"minecraft:iron_sword":1,"minecraft:brown_mushroom":2,"minecraft:wheat_seeds":3,"minecraft:lapis_lazuli":5,"minecraft:cooked_beef":2,"minecraft:diamond":1,"minecraft:oak_fence":9,"minecraft:feather":5,"minecraft:cobblestone":9,"minecraft:leather":1,"minecraft:rail":2,"minecraft:coal":4,"minecraft:flint":1,"minecraft:dirt":1,"minecraft:string":1,"minecraft:lily_pad":1,"minecraft:white_wool":2,"minecraft:blue_bed":1,"minecraft:bone":3,"minecraft:redstone":3,"minecraft:raw_iron":10,"minecraft:cooked_mutton":4,"minecraft:tipped_arrow":1,"minecraft:oak_sapling":2,"minecraft:arrow":2,"minecraft:black_wool":2},"minecraft:picked_up":{"minecraft:iron_chestplate":2,"minecraft:crafting_table":4,"minecraft:chicken":4,"minecraft:brown_mushroom":2,"minecraft:lead":3,"minecraft:gold_block":3,"minecraft:chain":1,"minecraft:shield":2,"minecraft:amethyst_block":5,"minecraft:moss_carpet":2,"minecraft:string":2,"minecraft:iron_axe":3,"minecraft:iron_leggings":2,"minecraft:iron_shovel":1,"minecraft:cobbled_deepslate":12,"minecraft:beef":12,"minecraft:oak_boat":4,"minecraft:azalea":2,"minecraft:sugar_cane":9,"minecraft:egg":6,"minecraft:furnace":1,"minecraft:tipped_arrow":1,"minecraft:raw_iron":58,"minecraft:stick":5,"minecraft:stone":2,"minecraft:oak_fence":18,"minecraft:torch":13,"minecraft:porkchop":31,"minecraft:arrow":10,"minecraft:rotten_flesh":2,"minecraft:glow_berries":16,"minecraft:mutton":22,"minecraft:white_wool":12,"minecraft:rail":4,"minecraft:cobblestone":48,"minecraft:feather":6,"minecraft:cooked_beef":3,"minecraft:andesite":1,"minecraft:leather":7,"minecraft:flint":7,"minecraft:oak_log":33,"minecraft:lily_pad":1,"minecraft:gunpowder":1,"minecraft:blue_bed":1,"minecraft:lapis_lazuli":7,"minecraft:dirt":26,"minecraft:cooked_mutton":3,"minecraft:bone":5,"minecraft:apple":2,"minecraft:stone_bricks":21,"minecraft:wheat_seeds":11,"minecraft:iron_ingot":13,"minecraft:stone_pickaxe":4,"minecraft:moss_block":6,"minecraft:oak_planks":7,"minecraft:iron_sword":1,"minecraft:pumpkin":1,"minecraft:cooked_porkchop":7,"minecraft:sweet_berries":31,"minecraft:gravel":16,"minecraft:spruce_sapling":1,"minecraft:white_bed":2,"minecraft:diamond":2,"minecraft:oak_sapling":6,"minecraft:coal":32,"minecraft:black_wool":2},"minecraft:killed":{"minecraft:skeleton":2,"minecraft:chicken":4,"minecraft:pig":14,"minecraft:frog":1,"minecraft:sheep":14,"minecraft:pillager":1,"minecraft:zombie":3,"minecraft:cow":5}},"DataVersion":3953}