{"stats":{"minecraft:crafted":{"minecraft:oak_planks":136,"minecraft:emerald":4,"minecraft:iron_helmet":1,"minecraft:air":0,"minecraft:iron_boots":1,"minecraft:iron_chestplate":1,"minecraft:shield":1,"minecraft:iron_axe":1,"minecraft:stick":136,"minecraft:iron_pickaxe":1,"minecraft:iron_leggings":1},"minecraft:used":{"minecraft:poppy":1,"minecraft:iron_chestplate":1,"minecraft:dirt":1,"minecraft:mutton":1,"minecraft:apple":5,"minecraft:iron_axe":48,"minecraft:iron_helmet":1,"minecraft:iron_boots":1,"minecraft:cooked_beef":1,"minecraft:iron_leggings":1},"minecraft:picked_up":{"minecraft:iron_chestplate":2,"minecraft:azure_bluet":2,"minecraft:cooked_beef":2,"minecraft:water_bucket":1,"minecraft:glow_ink_sac":5,"minecraft:yellow_wool":6,"minecraft:oak_log":76,"minecraft:yellow_bed":1,"minecraft:shield":2,"minecraft:gunpowder":5,"minecraft:lapis_lazuli":34,"minecraft:music_disc_cat":1,"minecraft:dirt":15,"minecraft:iron_axe":2,"minecraft:iron_leggings":2,"minecraft:iron_shovel":1,"minecraft:bone":25,"minecraft:oak_sign":2,"minecraft:apple":5,"minecraft:bow":1,"minecraft:wheat_seeds":5,"minecraft:iron_ingot":43,"minecraft:poppy":2,"minecraft:iron_pickaxe":2,"minecraft:rabbit":1,"minecraft:sugar_cane":4,"minecraft:oak_planks":65,"minecraft:iron_boots":2,"minecraft:oak_slab":2,"minecraft:stick":9,"minecraft:raw_iron":20,"minecraft:dripstone_block":1,"minecraft:oak_pressure_plate":64,"minecraft:gravel":2,"minecraft:redstone":1,"minecraft:iron_hoe":1,"minecraft:arrow":10,"minecraft:rotten_flesh":24,"minecraft:beetroot_seeds":5,"minecraft:shears":1,"minecraft:iron_helmet":2,"minecraft:emerald":10,"minecraft:mutton":1,"minecraft:white_wool":7,"minecraft:diamond_pickaxe":1,"minecraft:oxeye_daisy":1},"minecraft:custom":{"minecraft:mob_kills":1,"minecraft:traded_with_villager":4,"minecraft:interact_with_crafting_table":2,"minecraft:bell_ring":2,"minecraft:time_since_death":8040,"minecraft:sleep_in_bed":2,"minecraft:time_since_rest":8065,"minecraft:sprint_one_cm":73079,"minecraft:damage_taken":1025,"minecraft:walk_one_cm":18294,"minecraft:drop":52,"minecraft:damage_dealt":457,"minecraft:swim_one_cm":2932,"minecraft:talked_to_villager":14,"minecraft:fly_one_cm":133906,"minecraft:open_chest":2,"minecraft:crouch_one_cm":2042,"minecraft:play_time":14493,"minecraft:deaths":4,"minecraft:sneak_time":630,"minecraft:walk_under_water_one_cm":486,"minecraft:jump":571,"minecraft:walk_on_water_one_cm":1049,"minecraft:total_world_time":14493,"minecraft:fall_one_cm":17746},"minecraft:killed":{"minecraft:sheep":1},"minecraft:mined":{"minecraft:short_grass":6,"minecraft:grass_block":1,"minecraft:tall_grass":2,"minecraft:sugar_cane":3,"minecraft:oak_log":26},"minecraft:killed_by":{"minecraft:player":3},"minecraft:dropped":{"minecraft:water_bucket":1,"minecraft:gravel":2,"minecraft:oak_slab":2,"minecraft:sugar_cane":4,"minecraft:wheat_seeds":5,"minecraft:lapis_lazuli":34,"minecraft:oak_pressure_plate":64,"minecraft:oak_log":34,"minecraft:glow_ink_sac":5,"minecraft:dripstone_block":1,"minecraft:yellow_wool":6,"minecraft:raw_iron":20,"minecraft:iron_helmet":1,"minecraft:rotten_flesh":24,"minecraft:oak_planks":7,"minecraft:iron_boots":1,"minecraft:iron_hoe":1,"minecraft:azure_bluet":2,"minecraft:shears":1,"minecraft:oak_sign":2,"minecraft:stick":5,"minecraft:emerald":10,"minecraft:oxeye_daisy":1,"minecraft:poppy":1,"minecraft:dirt":14,"minecraft:shield":1,"minecraft:gunpowder":5,"minecraft:diamond_pickaxe":1,"minecraft:iron_chestplate":1,"minecraft:beetroot_seeds":5,"minecraft:rabbit":1,"minecraft:yellow_bed":1,"minecraft:iron_leggings":1,"minecraft:iron_axe":1,"minecraft:arrow":10,"minecraft:bow":1,"minecraft:iron_pickaxe":1,"minecraft:iron_shovel":1,"minecraft:white_wool":6,"minecraft:music_disc_cat":1,"minecraft:bone":25,"minecraft:redstone":1}},"DataVersion":3953}