{"stats":{"minecraft:crafted":{"minecraft:oak_planks":292,"minecraft:emerald":13,"minecraft:iron_helmet":1,"minecraft:air":0,"minecraft:iron_boots":1,"minecraft:iron_chestplate":1,"minecraft:shield":1,"minecraft:iron_axe":1,"minecraft:stick":440,"minecraft:iron_pickaxe":1,"minecraft:iron_leggings":1,"minecraft:torch":12},"minecraft:used":{"minecraft:water_bucket":4,"minecraft:oak_planks":5,"minecraft:poppy":1,"minecraft:shield":1,"minecraft:torch":20,"minecraft:iron_chestplate":1,"minecraft:white_wool":1,"minecraft:dirt":1,"minecraft:mutton":1,"minecraft:carrot":3,"minecraft:azure_bluet":1,"minecraft:apple":5,"minecraft:iron_axe":88,"minecraft:iron_pickaxe":22,"minecraft:iron_helmet":1,"minecraft:iron_boots":2,"minecraft:bucket":5,"minecraft:cooked_beef":2,"minecraft:iron_leggings":1},"minecraft:picked_up":{"minecraft:iron_chestplate":4,"minecraft:azure_bluet":3,"minecraft:cooked_beef":2,"minecraft:water_bucket":1,"minecraft:glow_ink_sac":5,"minecraft:yellow_wool":6,"minecraft:flint":1,"minecraft:oak_log":108,"minecraft:yellow_bed":1,"minecraft:shield":4,"minecraft:gunpowder":5,"minecraft:lapis_lazuli":34,"minecraft:music_disc_cat":1,"minecraft:dirt":15,"minecraft:iron_axe":4,"minecraft:iron_leggings":4,"minecraft:iron_shovel":1,"minecraft:bone":25,"minecraft:oak_sign":2,"minecraft:apple":5,"minecraft:bow":1,"minecraft:wheat_seeds":5,"minecraft:bucket":1,"minecraft:iron_ingot":43,"minecraft:poppy":2,"minecraft:iron_pickaxe":5,"minecraft:rabbit":1,"minecraft:sugar_cane":4,"minecraft:oak_planks":189,"minecraft:iron_boots":4,"minecraft:oak_slab":2,"minecraft:stick":10,"minecraft:raw_iron":20,"minecraft:torch":12,"minecraft:dripstone_block":1,"minecraft:oak_pressure_plate":64,"minecraft:gravel":2,"minecraft:carrot":100,"minecraft:redstone":1,"minecraft:iron_hoe":1,"minecraft:arrow":10,"minecraft:rotten_flesh":24,"minecraft:diamond":4,"minecraft:beetroot_seeds":5,"minecraft:shears":1,"minecraft:iron_helmet":4,"minecraft:emerald":23,"minecraft:cobblestone":2,"minecraft:coal":35,"minecraft:mutton":1,"minecraft:white_wool":8,"minecraft:diamond_pickaxe":1,"minecraft:oxeye_daisy":1},"minecraft:custom":{"minecraft:mob_kills":1,"minecraft:traded_with_villager":13,"minecraft:interact_with_crafting_table":3,"minecraft:bell_ring":2,"minecraft:time_since_death":4666,"minecraft:sleep_in_bed":3,"minecraft:time_since_rest":4694,"minecraft:sprint_one_cm":130238,"minecraft:damage_taken":1835,"minecraft:walk_one_cm":33641,"minecraft:drop":53,"minecraft:damage_dealt":577,"minecraft:swim_one_cm":5533,"minecraft:talked_to_villager":16,"minecraft:fly_one_cm":225942,"minecraft:open_chest":2,"minecraft:crouch_one_cm":7018,"minecraft:play_time":26493,"minecraft:deaths":6,"minecraft:sneak_time":2430,"minecraft:walk_under_water_one_cm":8765,"minecraft:jump":955,"minecraft:walk_on_water_one_cm":3436,"minecraft:total_world_time":26493,"minecraft:fall_one_cm":39344},"minecraft:killed":{"minecraft:sheep":1},"minecraft:killed_by":{"minecraft:player":3},"minecraft:mined":{"minecraft:deepslate_diamond_ore":2,"minecraft:torch":2,"minecraft:short_grass":11,"minecraft:grass_block":1,"minecraft:tall_grass":3,"minecraft:sugar_cane":3,"minecraft:wall_torch":6,"minecraft:carrots":9,"minecraft:azure_bluet":1,"minecraft:coal_ore":19,"minecraft:oak_log":58,"minecraft:gravel":1,"minecraft:stone":1},"minecraft:dropped":{"minecraft:water_bucket":1,"minecraft:gravel":2,"minecraft:oak_slab":2,"minecraft:sugar_cane":4,"minecraft:wheat_seeds":5,"minecraft:lapis_lazuli":34,"minecraft:oak_pressure_plate":64,"minecraft:oak_log":34,"minecraft:glow_ink_sac":5,"minecraft:dripstone_block":1,"minecraft:yellow_wool":6,"minecraft:raw_iron":20,"minecraft:iron_helmet":1,"minecraft:rotten_flesh":24,"minecraft:oak_planks":7,"minecraft:iron_boots":1,"minecraft:iron_hoe":1,"minecraft:azure_bluet":2,"minecraft:shears":1,"minecraft:oak_sign":2,"minecraft:stick":5,"minecraft:emerald":10,"minecraft:oxeye_daisy":1,"minecraft:poppy":1,"minecraft:dirt":14,"minecraft:shield":1,"minecraft:gunpowder":5,"minecraft:diamond_pickaxe":1,"minecraft:iron_chestplate":1,"minecraft:beetroot_seeds":5,"minecraft:rabbit":1,"minecraft:yellow_bed":1,"minecraft:iron_leggings":1,"minecraft:iron_axe":1,"minecraft:arrow":10,"minecraft:bow":1,"minecraft:iron_pickaxe":2,"minecraft:iron_shovel":1,"minecraft:white_wool":6,"minecraft:music_disc_cat":1,"minecraft:bone":25,"minecraft:redstone":1}},"DataVersion":3953}