{"stats":{"minecraft:broken":{"minecraft:golden_pickaxe":1},"minecraft:mined":{"minecraft:white_bed":7,"minecraft:dark_oak_leaves":2,"minecraft:deepslate_diamond_ore":2,"minecraft:cave_vines_plant":14,"minecraft:budding_amethyst":1,"minecraft:grass_block":7,"minecraft:moss_block":7,"minecraft:hay_block":24,"minecraft:tall_seagrass":3,"minecraft:magma_block":11,"minecraft:furnace":1,"minecraft:barrel":1,"minecraft:iron_ore":51,"minecraft:fire":2,"minecraft:andesite":1,"minecraft:moss_carpet":1,"minecraft:pumpkin":1,"minecraft:gold_block":6,"minecraft:cave_vines":17,"minecraft:small_amethyst_bud":2,"minecraft:stripped_oak_log":8,"minecraft:azalea_leaves":1,"minecraft:azalea":1,"minecraft:stone":42,"minecraft:smoker":2,"minecraft:crafting_table":5,"minecraft:torch":7,"minecraft:short_grass":63,"minecraft:blast_furnace":1,"minecraft:dead_bush":2,"minecraft:cobblestone":12,"minecraft:lapis_ore":1,"minecraft:sugar_cane":5,"minecraft:oak_planks":5,"minecraft:blue_bed":1,"minecraft:wall_torch":8,"minecraft:amethyst_block":5,"minecraft:seagrass":1,"minecraft:chain":1,"minecraft:sweet_berry_bush":11,"minecraft:birch_leaves":10,"minecraft:yellow_bed":5,"minecraft:oak_log":33,"minecraft:coal_ore":35,"minecraft:gravel":8,"minecraft:dirt":19,"minecraft:stonecutter":1,"minecraft:netherrack":41,"minecraft:oak_leaves":31,"minecraft:deepslate":14},"minecraft:killed_by":{"minecraft:creeper":1,"minecraft:iron_golem":2,"minecraft:skeleton":3},"minecraft:custom":{"minecraft:mob_kills":60,"minecraft:animals_bred":1,"minecraft:interact_with_crafting_table":26,"minecraft:bell_ring":3,"minecraft:leave_game":1,"minecraft:time_since_death":3751,"minecraft:climb_one_cm":15235,"minecraft:sprint_one_cm":703146,"minecraft:walk_one_cm":280575,"minecraft:damage_blocked_by_shield":3671,"minecraft:drop":92,"minecraft:talked_to_villager":2,"minecraft:play_time":227558,"minecraft:deaths":6,"minecraft:sneak_time":15248,"minecraft:walk_under_water_one_cm":40953,"minecraft:boat_one_cm":468333,"minecraft:jump":4771,"minecraft:interact_with_blast_furnace":1,"minecraft:walk_on_water_one_cm":95234,"minecraft:total_world_time":227558,"minecraft:interact_with_furnace":77,"minecraft:interact_with_stonecutter":1,"minecraft:sleep_in_bed":12,"minecraft:time_since_rest":3777,"minecraft:damage_taken":5248,"minecraft:damage_dealt":8165,"minecraft:swim_one_cm":247926,"minecraft:fly_one_cm":866412,"minecraft:open_chest":43,"minecraft:crouch_one_cm":40291,"minecraft:interact_with_smoker":13,"minecraft:fall_one_cm":133242,"minecraft:horse_one_cm":193412},"minecraft:used":{"minecraft:moss_block":2,"minecraft:iron_shovel":4,"minecraft:shield":28,"minecraft:stone":2,"minecraft:iron_sword":268,"minecraft:netherrack":28,"minecraft:iron_chestplate":1,"minecraft:torch":62,"minecraft:dirt":65,"minecraft:spyglass":22,"minecraft:mutton":2,"minecraft:lava_bucket":15,"minecraft:iron_axe":104,"minecraft:golden_sword":2,"minecraft:magma_block":6,"minecraft:sweet_berries":7,"minecraft:oak_sapling":2,"minecraft:furnace":2,"minecraft:gold_block":1,"minecraft:egg":10,"minecraft:cooked_beef":15,"minecraft:pumpkin":1,"minecraft:cobbled_deepslate":12,"minecraft:iron_leggings":1,"minecraft:cooked_mutton":8,"minecraft:water_bucket":230,"minecraft:amethyst_block":5,"minecraft:stone_pickaxe":110,"minecraft:oak_planks":122,"minecraft:mossy_cobblestone":1,"minecraft:glow_berries":16,"minecraft:crafting_table":5,"minecraft:white_bed":9,"minecraft:oak_log":1,"minecraft:apple":2,"minecraft:chicken":3,"minecraft:bread":17,"minecraft:iron_pickaxe":151,"minecraft:gravel":4,"minecraft:cobblestone":40,"minecraft:porkchop":16,"minecraft:cooked_porkchop":17,"minecraft:bucket":248,"minecraft:yellow_bed":5,"minecraft:oak_boat":11,"minecraft:golden_pickaxe":32},"minecraft:crafted":{"minecraft:oak_planks":152,"minecraft:furnace":1,"minecraft:cooked_mutton":11,"minecraft:oak_trapdoor":2,"minecraft:iron_boots":1,"minecraft:iron_axe":1,"minecraft:wheat":99,"minecraft:cooked_beef":12,"minecraft:cooked_porkchop":14,"minecraft:crafting_table":2,"minecraft:iron_helmet":1,"minecraft:wooden_pickaxe":1,"minecraft:iron_sword":1,"minecraft:bucket":2,"minecraft:bread":32,"minecraft:air":0,"minecraft:oak_boat":1,"minecraft:golden_apple":1,"minecraft:stick":32,"minecraft:iron_ingot":15,"minecraft:iron_pickaxe":1,"minecraft:wooden_axe":1,"minecraft:gold_ingot":9,"minecraft:white_bed":1,"minecraft:torch":56},"minecraft:dropped":{"minecraft:water_bucket":1,"minecraft:iron_ingot":7,"minecraft:bread":29,"minecraft:iron_sword":1,"minecraft:moss_block":4,"minecraft:brown_mushroom":2,"minecraft:porkchop":14,"minecraft:wheat_seeds":8,"minecraft:lapis_lazuli":5,"minecraft:cooked_beef":2,"minecraft:diamond":1,"minecraft:cobblestone":10,"minecraft:oak_fence":9,"minecraft:feather":5,"minecraft:leather":1,"minecraft:rail":2,"minecraft:coal":4,"minecraft:golden_apple":1,"minecraft:flint":1,"minecraft:dirt":1,"minecraft:iron_leggings":1,"minecraft:string":3,"minecraft:lily_pad":1,"minecraft:white_wool":2,"minecraft:blue_bed":1,"minecraft:redstone":3,"minecraft:bone":3,"minecraft:gold_ingot":1,"minecraft:moss_carpet":2,"minecraft:oak_trapdoor":2,"minecraft:wheat":3,"minecraft:raw_iron":10,"minecraft:rotten_flesh":2,"minecraft:oak_planks":15,"minecraft:cooked_mutton":4,"minecraft:poppy":1,"minecraft:tipped_arrow":1,"minecraft:azalea":2,"minecraft:oak_sapling":3,"minecraft:spider_eye":1,"minecraft:arrow":2,"minecraft:stone_brick_stairs":1,"minecraft:black_wool":2},"minecraft:picked_up":{"minecraft:crafting_table":5,"minecraft:iron_chestplate":4,"minecraft:chicken":4,"minecraft:brown_mushroom":2,"minecraft:lead":3,"minecraft:gold_block":6,"minecraft:stone_brick_stairs":1,"minecraft:chain":1,"minecraft:shield":4,"minecraft:amethyst_block":5,"minecraft:string":4,"minecraft:moss_carpet":2,"minecraft:iron_axe":4,"minecraft:iron_leggings":5,"minecraft:iron_shovel":1,"minecraft:cobbled_deepslate":12,"minecraft:beef":12,"minecraft:oak_boat":11,"minecraft:azalea":2,"minecraft:iron_pickaxe":2,"minecraft:poppy":7,"minecraft:sugar_cane":9,"minecraft:iron_boots":2,"minecraft:furnace":1,"minecraft:egg":10,"minecraft:tipped_arrow":1,"minecraft:stick":13,"minecraft:raw_iron":58,"minecraft:stone":2,"minecraft:oak_fence":18,"minecraft:torch":15,"minecraft:porkchop":45,"minecraft:arrow":10,"minecraft:rotten_flesh":4,"minecraft:hay_block":18,"minecraft:gold_ingot":1,"minecraft:glow_berries":16,"minecraft:mutton":22,"minecraft:rail":4,"minecraft:white_wool":12,"minecraft:cobblestone":53,"minecraft:stripped_oak_log":8,"minecraft:magma_block":10,"minecraft:feather":6,"minecraft:cooked_beef":16,"minecraft:water_bucket":2,"minecraft:andesite":1,"minecraft:leather":7,"minecraft:smoker":2,"minecraft:flint":7,"minecraft:oak_log":33,"minecraft:lily_pad":1,"minecraft:yellow_bed":5,"minecraft:gunpowder":1,"minecraft:lapis_lazuli":7,"minecraft:dirt":80,"minecraft:blue_bed":1,"minecraft:cooked_mutton":3,"minecraft:bone":5,"minecraft:apple":3,"minecraft:stone_bricks":21,"minecraft:wheat_seeds":13,"minecraft:iron_ingot":38,"minecraft:stone_pickaxe":4,"minecraft:moss_block":6,"minecraft:iron_sword":3,"minecraft:oak_planks":109,"minecraft:cooked_porkchop":7,"minecraft:pumpkin":1,"minecraft:sweet_berries":31,"minecraft:spyglass":3,"minecraft:lava_bucket":2,"minecraft:gravel":16,"minecraft:spruce_sapling":1,"minecraft:blast_furnace":1,"minecraft:white_bed":9,"minecraft:spider_eye":1,"minecraft:mossy_cobblestone":1,"minecraft:diamond":2,"minecraft:iron_helmet":2,"minecraft:granite":1,"minecraft:bread":50,"minecraft:oak_sapling":10,"minecraft:netherrack":30,"minecraft:black_wool":2,"minecraft:coal":50},"minecraft:killed":{"minecraft:spider":2,"minecraft:skeleton":3,"minecraft:chicken":4,"minecraft:drowned":1,"minecraft:pig":20,"minecraft:iron_golem":2,"minecraft:frog":1,"minecraft:sheep":14,"minecraft:pillager":1,"minecraft:zombie":4,"minecraft:cow":5}},"DataVersion":3953}