{"stats":{"minecraft:mined":{"minecraft:short_grass":5,"minecraft:grass_block":2,"minecraft:lapis_ore":1,"minecraft:oak_planks":3,"minecraft:iron_ore":29,"minecraft:sweet_berry_bush":11,"minecraft:andesite":1,"minecraft:birch_leaves":6,"minecraft:oak_log":10,"minecraft:coal_ore":22,"minecraft:dirt":4,"minecraft:stone":16,"minecraft:oak_leaves":24},"minecraft:killed_by":{"minecraft:skeleton":3,"minecraft:creeper":1},"minecraft:custom":{"minecraft:interact_with_furnace":53,"minecraft:mob_kills":19,"minecraft:interact_with_crafting_table":8,"minecraft:time_since_death":4189,"minecraft:sleep_in_bed":2,"minecraft:climb_one_cm":7219,"minecraft:time_since_rest":2086,"minecraft:sprint_one_cm":148444,"minecraft:damage_taken":1744,"minecraft:walk_one_cm":67627,"minecraft:damage_blocked_by_shield":195,"minecraft:drop":18,"minecraft:damage_dealt":1842,"minecraft:swim_one_cm":13430,"minecraft:fly_one_cm":165469,"minecraft:open_chest":14,"minecraft:crouch_one_cm":11362,"minecraft:play_time":38197,"minecraft:deaths":4,"minecraft:sneak_time":4669,"minecraft:walk_under_water_one_cm":6746,"minecraft:jump":980,"minecraft:walk_on_water_one_cm":12754,"minecraft:total_world_time":38197,"minecraft:fall_one_cm":25823},"minecraft:used":{"minecraft:cooked_mutton":1,"minecraft:iron_shovel":4,"minecraft:stone_pickaxe":70,"minecraft:oak_planks":14,"minecraft:shield":5,"minecraft:stone":2,"minecraft:iron_chestplate":1,"minecraft:torch":17,"minecraft:dirt":2,"minecraft:crafting_table":1,"minecraft:white_bed":1,"minecraft:oak_log":1,"minecraft:apple":1,"minecraft:chicken":3,"minecraft:iron_axe":50,"minecraft:golden_sword":2,"minecraft:cobblestone":14,"minecraft:sweet_berries":7,"minecraft:cooked_porkchop":4,"minecraft:oak_sapling":2,"minecraft:porkchop":2,"minecraft:egg":2,"minecraft:cooked_beef":1,"minecraft:iron_leggings":1},"minecraft:dropped":{"minecraft:iron_ingot":7,"minecraft:wheat_seeds":1,"minecraft:brown_mushroom":2,"minecraft:lapis_lazuli":5,"minecraft:raw_iron":10,"minecraft:oak_fence":9,"minecraft:feather":5,"minecraft:leather":1,"minecraft:coal":3,"minecraft:dirt":1,"minecraft:oak_sapling":2,"minecraft:string":1,"minecraft:white_wool":2,"minecraft:bone":2,"minecraft:black_wool":2},"minecraft:crafted":{"minecraft:cooked_beef":3,"minecraft:oak_planks":28,"minecraft:cooked_porkchop":7,"minecraft:crafting_table":1,"minecraft:wooden_pickaxe":1,"minecraft:cooked_mutton":3,"minecraft:air":0,"minecraft:stick":28,"minecraft:iron_ingot":7,"minecraft:wooden_axe":1,"minecraft:white_bed":1,"minecraft:torch":44},"minecraft:picked_up":{"minecraft:iron_chestplate":2,"minecraft:feather":6,"minecraft:cooked_beef":2,"minecraft:chicken":3,"minecraft:andesite":1,"minecraft:leather":1,"minecraft:brown_mushroom":2,"minecraft:lead":2,"minecraft:flint":6,"minecraft:oak_log":10,"minecraft:shield":2,"minecraft:lapis_lazuli":7,"minecraft:string":1,"minecraft:dirt":5,"minecraft:iron_axe":3,"minecraft:iron_leggings":2,"minecraft:cooked_mutton":2,"minecraft:iron_shovel":1,"minecraft:bone":3,"minecraft:apple":1,"minecraft:stone_bricks":21,"minecraft:wheat_seeds":1,"minecraft:beef":3,"minecraft:stone_pickaxe":4,"minecraft:oak_planks":6,"minecraft:egg":2,"minecraft:stick":4,"minecraft:raw_iron":29,"minecraft:stone":2,"minecraft:cooked_porkchop":5,"minecraft:sweet_berries":31,"minecraft:oak_fence":18,"minecraft:gravel":12,"minecraft:porkchop":10,"minecraft:spruce_sapling":1,"minecraft:arrow":5,"minecraft:rotten_flesh":2,"minecraft:oak_sapling":5,"minecraft:black_wool":2,"minecraft:mutton":12,"minecraft:coal":20,"minecraft:white_wool":5,"minecraft:cobblestone":16},"minecraft:killed":{"minecraft:pig":4,"minecraft:skeleton":1,"minecraft:sheep":7,"minecraft:zombie":1,"minecraft:chicken":3,"minecraft:cow":2}},"DataVersion":3953}