{"stats":{"minecraft:mined":{"minecraft:short_grass":4,"minecraft:oak_leaves":3},"minecraft:used":{"minecraft:oak_sapling":1},"minecraft:custom":{"minecraft:jump":26,"minecraft:time_since_rest":2197,"minecraft:crouch_one_cm":249,"minecraft:sprint_one_cm":4464,"minecraft:play_time":2197,"minecraft:time_since_death":2197,"minecraft:walk_one_cm":2675,"minecraft:sneak_time":107,"minecraft:climb_one_cm":2738,"minecraft:total_world_time":2197,"minecraft:fall_one_cm":418,"minecraft:fly_one_cm":2375},"minecraft:picked_up":{"minecraft:oak_sapling":2}},"DataVersion":3953}