{"stats":{"minecraft:crafted":{"minecraft:oak_planks":28,"minecraft:crafting_table":1,"minecraft:wooden_pickaxe":1,"minecraft:iron_helmet":1,"minecraft:iron_sword":1,"minecraft:furnace":1,"minecraft:air":0,"minecraft:wooden_hoe":1,"minecraft:iron_chestplate":1,"minecraft:iron_boots":1,"minecraft:shield":1,"minecraft:stick":20,"minecraft:iron_ingot":3,"minecraft:iron_leggings":1,"minecraft:torch":56},"minecraft:used":{"minecraft:diorite":3,"minecraft:oak_planks":1,"minecraft:wooden_pickaxe":9,"minecraft:shield":4,"minecraft:iron_sword":17,"minecraft:iron_chestplate":2,"minecraft:torch":29,"minecraft:dirt":4,"minecraft:crafting_table":1,"minecraft:wooden_hoe":2,"minecraft:diamond_pickaxe":73,"minecraft:bread":11,"minecraft:gravel":4,"minecraft:cobblestone":3,"minecraft:furnace":1,"minecraft:cobbled_deepslate":5},"minecraft:picked_up":{"minecraft:iron_chestplate":4,"minecraft:glow_ink_sac":12,"minecraft:wooden_pickaxe":4,"minecraft:oak_log":64,"minecraft:shield":2,"minecraft:lapis_lazuli":68,"minecraft:dirt":8,"minecraft:iron_leggings":3,"minecraft:bone":13,"minecraft:cobbled_deepslate":5,"minecraft:raw_gold":20,"minecraft:iron_ingot":20,"minecraft:oak_planks":3,"minecraft:iron_sword":1,"minecraft:iron_boots":3,"minecraft:raw_iron":62,"minecraft:stick":6,"minecraft:torch":4,"minecraft:dandelion":4,"minecraft:gravel":4,"minecraft:diorite":3,"minecraft:arrow":4,"minecraft:rotten_flesh":2,"minecraft:diamond":8,"minecraft:iron_helmet":3,"minecraft:saddle":4,"minecraft:bread":54,"minecraft:coal":33,"minecraft:cobblestone":27,"minecraft:diamond_pickaxe":5},"minecraft:custom":{"minecraft:interact_with_furnace":4,"minecraft:mob_kills":5,"minecraft:interact_with_crafting_table":6,"minecraft:time_since_death":5458,"minecraft:time_since_rest":5515,"minecraft:sprint_one_cm":61983,"minecraft:damage_taken":2068,"minecraft:walk_one_cm":113101,"minecraft:damage_blocked_by_shield":255,"minecraft:drop":9,"minecraft:damage_dealt":838,"minecraft:talked_to_villager":5,"minecraft:swim_one_cm":2307,"minecraft:fly_one_cm":56908,"minecraft:open_chest":4,"minecraft:crouch_one_cm":341,"minecraft:play_time":27381,"minecraft:deaths":4,"minecraft:sneak_time":86,"minecraft:walk_under_water_one_cm":3800,"minecraft:jump":595,"minecraft:walk_on_water_one_cm":14136,"minecraft:total_world_time":27381,"minecraft:fall_one_cm":21059},"minecraft:killed":{"minecraft:skeleton":1,"minecraft:zombie":4},"minecraft:killed_by":{"minecraft:skeleton":2,"minecraft:creeper":1},"minecraft:mined":{"minecraft:deepslate_diamond_ore":5,"minecraft:deepslate_gold_ore":10,"minecraft:sculk":10,"minecraft:iron_ore":15,"minecraft:deepslate_lapis_ore":5,"minecraft:oak_log":2,"minecraft:coal_ore":15,"minecraft:deepslate_iron_ore":12,"minecraft:gravel":2,"minecraft:stone":11,"minecraft:deepslate":7},"minecraft:dropped":{"minecraft:bread":5,"minecraft:diamond":1,"minecraft:rotten_flesh":2,"minecraft:torch":16}},"DataVersion":3953}