{"stats":{"minecraft:crafted":{"minecraft:cooked_beef":2,"minecraft:oak_planks":60,"minecraft:crafting_table":2,"minecraft:baked_potato":11,"minecraft:wooden_pickaxe":1,"minecraft:iron_helmet":1,"minecraft:iron_sword":1,"minecraft:furnace":2,"minecraft:bucket":5,"minecraft:air":0,"minecraft:wooden_hoe":1,"minecraft:iron_chestplate":2,"minecraft:iron_boots":1,"minecraft:shield":1,"minecraft:iron_axe":1,"minecraft:stick":28,"minecraft:iron_ingot":20,"minecraft:chest":2,"minecraft:iron_leggings":3,"minecraft:torch":56,"minecraft:shears":1},"minecraft:used":{"minecraft:water_bucket":14,"minecraft:diorite":3,"minecraft:baked_potato":3,"minecraft:oak_planks":11,"minecraft:chest":2,"minecraft:wooden_pickaxe":9,"minecraft:shield":63,"minecraft:iron_sword":55,"minecraft:sugar_cane":10,"minecraft:iron_chestplate":5,"minecraft:torch":29,"minecraft:dirt":10,"minecraft:crafting_table":2,"minecraft:dripstone_block":2,"minecraft:wooden_hoe":2,"minecraft:diamond_pickaxe":111,"minecraft:oak_stairs":1,"minecraft:iron_axe":36,"minecraft:bread":11,"minecraft:gravel":4,"minecraft:cobblestone":10,"minecraft:beef":6,"minecraft:furnace":2,"minecraft:bucket":18,"minecraft:yellow_bed":1,"minecraft:cooked_beef":2,"minecraft:cobbled_deepslate":5,"minecraft:iron_leggings":3},"minecraft:picked_up":{"minecraft:iron_chestplate":11,"minecraft:azure_bluet":6,"minecraft:glow_ink_sac":12,"minecraft:leather":28,"minecraft:wooden_pickaxe":5,"minecraft:oak_stairs":1,"minecraft:potato":6,"minecraft:diamond_horse_armor":4,"minecraft:oak_log":113,"minecraft:yellow_bed":1,"minecraft:shield":7,"minecraft:wooden_hoe":1,"minecraft:lapis_lazuli":238,"minecraft:dirt":50,"minecraft:iron_leggings":11,"minecraft:bone":30,"minecraft:wheat_seeds":3,"minecraft:cobbled_deepslate":5,"minecraft:raw_gold":70,"minecraft:bucket":3,"minecraft:beef":16,"minecraft:iron_ingot":40,"minecraft:poppy":2,"minecraft:sugar_cane":43,"minecraft:oak_planks":4,"minecraft:iron_sword":6,"minecraft:iron_boots":4,"minecraft:raw_iron":138,"minecraft:stick":10,"minecraft:dripstone_block":7,"minecraft:torch":8,"minecraft:dandelion":4,"minecraft:gravel":4,"minecraft:diorite":3,"minecraft:mossy_cobblestone":2,"minecraft:arrow":5,"minecraft:rotten_flesh":14,"minecraft:diamond":33,"minecraft:shears":3,"minecraft:iron_helmet":3,"minecraft:saddle":8,"minecraft:bread":54,"minecraft:baked_potato":11,"minecraft:oak_sapling":1,"minecraft:coal":78,"minecraft:cobblestone":63,"minecraft:diamond_pickaxe":10},"minecraft:custom":{"minecraft:interact_with_furnace":19,"minecraft:mob_kills":9,"minecraft:interact_with_crafting_table":22,"minecraft:time_since_death":561,"minecraft:sleep_in_bed":3,"minecraft:time_since_rest":593,"minecraft:sprint_one_cm":271353,"minecraft:damage_taken":6160,"minecraft:walk_one_cm":286908,"minecraft:damage_blocked_by_shield":1015,"minecraft:drop":17,"minecraft:damage_dealt":2178,"minecraft:talked_to_villager":5,"minecraft:swim_one_cm":14398,"minecraft:fly_one_cm":356396,"minecraft:player_kills":2,"minecraft:open_chest":36,"minecraft:crouch_one_cm":14816,"minecraft:play_time":87381,"minecraft:deaths":15,"minecraft:sneak_time":4034,"minecraft:walk_under_water_one_cm":17226,"minecraft:jump":2162,"minecraft:walk_on_water_one_cm":42700,"minecraft:total_world_time":87381,"minecraft:fall_one_cm":80644,"minecraft:horse_one_cm":33091},"minecraft:killed":{"minecraft:skeleton":1,"minecraft:zombie":4,"minecraft:cow":4},"minecraft:killed_by":{"minecraft:warden":2,"minecraft:player":4,"minecraft:skeleton":2,"minecraft:creeper":2,"minecraft:spider":1,"minecraft:iron_golem":1},"minecraft:mined":{"minecraft:mossy_cobblestone":2,"minecraft:deepslate_diamond_ore":5,"minecraft:torch":1,"minecraft:short_grass":22,"minecraft:grass_block":1,"minecraft:cobblestone":9,"minecraft:deepslate_gold_ore":10,"minecraft:oak_planks":1,"minecraft:sugar_cane":7,"minecraft:sculk":10,"minecraft:oxeye_daisy":1,"minecraft:iron_ore":15,"minecraft:yellow_bed":1,"minecraft:azure_bluet":2,"minecraft:deepslate_lapis_ore":5,"minecraft:oak_log":33,"minecraft:coal_ore":30,"minecraft:dirt_path":1,"minecraft:deepslate_iron_ore":12,"minecraft:oak_stairs":1,"minecraft:dirt":2,"minecraft:gravel":2,"minecraft:dripstone_block":2,"minecraft:stone":21,"minecraft:oak_leaves":1,"minecraft:deepslate":7},"minecraft:dropped":{"minecraft:iron_ingot":2,"minecraft:bread":5,"minecraft:diamond":1,"minecraft:rotten_flesh":4,"minecraft:poppy":1,"minecraft:torch":16,"minecraft:iron_leggings":1,"minecraft:wooden_pickaxe":1,"minecraft:bucket":1}},"DataVersion":3953}