{"stats":{"minecraft:crafted":{"minecraft:cooked_beef":2,"minecraft:oak_planks":32,"minecraft:crafting_table":2,"minecraft:baked_potato":11,"minecraft:wooden_pickaxe":1,"minecraft:iron_helmet":1,"minecraft:iron_sword":1,"minecraft:furnace":2,"minecraft:bucket":1,"minecraft:air":0,"minecraft:wooden_hoe":1,"minecraft:iron_chestplate":1,"minecraft:iron_boots":1,"minecraft:shield":1,"minecraft:stick":20,"minecraft:iron_ingot":6,"minecraft:iron_leggings":1,"minecraft:torch":56,"minecraft:shears":1},"minecraft:used":{"minecraft:diorite":3,"minecraft:oak_planks":2,"minecraft:wooden_pickaxe":9,"minecraft:shield":62,"minecraft:iron_sword":51,"minecraft:sugar_cane":10,"minecraft:iron_chestplate":3,"minecraft:torch":29,"minecraft:dirt":8,"minecraft:crafting_table":2,"minecraft:dripstone_block":1,"minecraft:wooden_hoe":2,"minecraft:diamond_pickaxe":110,"minecraft:bread":11,"minecraft:gravel":4,"minecraft:cobblestone":10,"minecraft:beef":6,"minecraft:furnace":2,"minecraft:cooked_beef":2,"minecraft:cobbled_deepslate":5,"minecraft:iron_leggings":1},"minecraft:picked_up":{"minecraft:iron_chestplate":8,"minecraft:azure_bluet":3,"minecraft:glow_ink_sac":12,"minecraft:leather":22,"minecraft:wooden_pickaxe":5,"minecraft:diamond_horse_armor":3,"minecraft:oak_log":82,"minecraft:shield":6,"minecraft:wooden_hoe":1,"minecraft:lapis_lazuli":204,"minecraft:dirt":48,"minecraft:iron_leggings":7,"minecraft:bone":25,"minecraft:cobbled_deepslate":5,"minecraft:raw_gold":60,"minecraft:bucket":2,"minecraft:beef":16,"minecraft:iron_ingot":25,"minecraft:sugar_cane":32,"minecraft:oak_planks":3,"minecraft:iron_sword":5,"minecraft:iron_boots":4,"minecraft:raw_iron":138,"minecraft:stick":7,"minecraft:dripstone_block":5,"minecraft:torch":6,"minecraft:dandelion":4,"minecraft:gravel":4,"minecraft:diorite":3,"minecraft:mossy_cobblestone":2,"minecraft:arrow":5,"minecraft:rotten_flesh":10,"minecraft:diamond":28,"minecraft:shears":2,"minecraft:iron_helmet":3,"minecraft:saddle":7,"minecraft:bread":54,"minecraft:coal":78,"minecraft:cobblestone":59,"minecraft:diamond_pickaxe":9},"minecraft:custom":{"minecraft:interact_with_furnace":18,"minecraft:mob_kills":9,"minecraft:interact_with_crafting_table":11,"minecraft:time_since_death":2376,"minecraft:sleep_in_bed":2,"minecraft:time_since_rest":2402,"minecraft:sprint_one_cm":147379,"minecraft:damage_taken":3654,"minecraft:walk_one_cm":185621,"minecraft:damage_blocked_by_shield":925,"minecraft:drop":10,"minecraft:damage_dealt":1885,"minecraft:talked_to_villager":5,"minecraft:swim_one_cm":14398,"minecraft:fly_one_cm":173299,"minecraft:player_kills":2,"minecraft:open_chest":6,"minecraft:crouch_one_cm":341,"minecraft:play_time":51381,"minecraft:deaths":8,"minecraft:sneak_time":86,"minecraft:walk_under_water_one_cm":11536,"minecraft:jump":1242,"minecraft:walk_on_water_one_cm":22300,"minecraft:total_world_time":51381,"minecraft:fall_one_cm":45117,"minecraft:horse_one_cm":33091},"minecraft:killed":{"minecraft:skeleton":1,"minecraft:zombie":4,"minecraft:cow":4},"minecraft:killed_by":{"minecraft:player":1,"minecraft:skeleton":2,"minecraft:creeper":2},"minecraft:mined":{"minecraft:mossy_cobblestone":2,"minecraft:deepslate_diamond_ore":5,"minecraft:short_grass":9,"minecraft:grass_block":1,"minecraft:cobblestone":9,"minecraft:deepslate_gold_ore":10,"minecraft:sugar_cane":7,"minecraft:sculk":10,"minecraft:iron_ore":15,"minecraft:deepslate_lapis_ore":5,"minecraft:oak_log":2,"minecraft:coal_ore":30,"minecraft:deepslate_iron_ore":12,"minecraft:dirt":1,"minecraft:gravel":2,"minecraft:dripstone_block":1,"minecraft:stone":21,"minecraft:deepslate":7},"minecraft:dropped":{"minecraft:bread":5,"minecraft:diamond":1,"minecraft:rotten_flesh":2,"minecraft:torch":16,"minecraft:wooden_pickaxe":1}},"DataVersion":3953}