{"stats":{"minecraft:crafted":{"minecraft:oak_planks":24,"minecraft:iron_boots":1,"minecraft:iron_chestplate":1,"minecraft:shield":1,"minecraft:crafting_table":1,"minecraft:stick":20,"minecraft:iron_ingot":3,"minecraft:wooden_pickaxe":1,"minecraft:iron_helmet":1,"minecraft:iron_sword":1,"minecraft:furnace":1,"minecraft:iron_leggings":1,"minecraft:torch":56,"minecraft:air":0},"minecraft:used":{"minecraft:diorite":3,"minecraft:diamond_pickaxe":32,"minecraft:bread":3,"minecraft:shield":1,"minecraft:wooden_pickaxe":9,"minecraft:iron_sword":3,"minecraft:gravel":1,"minecraft:iron_chestplate":1,"minecraft:torch":16,"minecraft:dirt":2,"minecraft:cobblestone":2,"minecraft:crafting_table":1,"minecraft:furnace":1},"minecraft:picked_up":{"minecraft:iron_chestplate":2,"minecraft:raw_iron":13,"minecraft:glow_ink_sac":6,"minecraft:dandelion":2,"minecraft:wooden_pickaxe":2,"minecraft:gravel":1,"minecraft:oak_log":44,"minecraft:diorite":3,"minecraft:dirt":8,"minecraft:iron_leggings":2,"minecraft:bone":7,"minecraft:arrow":3,"minecraft:diamond":2,"minecraft:cobbled_deepslate":4,"minecraft:iron_helmet":1,"minecraft:iron_ingot":20,"minecraft:saddle":2,"minecraft:bread":44,"minecraft:oak_planks":2,"minecraft:coal":33,"minecraft:iron_boots":2,"minecraft:cobblestone":27,"minecraft:diamond_pickaxe":3},"minecraft:custom":{"minecraft:time_since_rest":5398,"minecraft:interact_with_furnace":4,"minecraft:sprint_one_cm":40550,"minecraft:damage_taken":1149,"minecraft:walk_one_cm":51941,"minecraft:damage_blocked_by_shield":60,"minecraft:mob_kills":1,"minecraft:drop":1,"minecraft:damage_dealt":143,"minecraft:swim_one_cm":830,"minecraft:interact_with_crafting_table":5,"minecraft:talked_to_villager":5,"minecraft:fly_one_cm":43252,"minecraft:open_chest":4,"minecraft:crouch_one_cm":8,"minecraft:play_time":15381,"minecraft:deaths":2,"minecraft:sneak_time":22,"minecraft:walk_under_water_one_cm":985,"minecraft:jump":304,"minecraft:time_since_death":5372,"minecraft:walk_on_water_one_cm":7888,"minecraft:total_world_time":15381,"minecraft:fall_one_cm":14304},"minecraft:killed_by":{"minecraft:creeper":1},"minecraft:dropped":{"minecraft:diamond":1},"minecraft:mined":{"minecraft:deepslate_diamond_ore":1,"minecraft:iron_ore":7,"minecraft:coal_ore":15,"minecraft:oak_log":2,"minecraft:stone":11,"minecraft:deepslate":5},"minecraft:killed":{"minecraft:skeleton":1}},"DataVersion":3953}