{"stats":{"minecraft:crafted":{"minecraft:iron_leggings":1,"minecraft:oak_planks":8,"minecraft:stick":4,"minecraft:wooden_pickaxe":1},"minecraft:used":{"minecraft:wooden_pickaxe":1},"minecraft:picked_up":{"minecraft:iron_ingot":20,"minecraft:oak_log":16,"minecraft:coal":1},"minecraft:custom":{"minecraft:time_since_rest":3381,"minecraft:open_chest":2,"minecraft:crouch_one_cm":8,"minecraft:play_time":3381,"minecraft:sprint_one_cm":10507,"minecraft:damage_taken":20,"minecraft:walk_one_cm":10064,"minecraft:sneak_time":22,"minecraft:jump":63,"minecraft:time_since_death":3381,"minecraft:total_world_time":3381,"minecraft:fall_one_cm":1566,"minecraft:talked_to_villager":5,"minecraft:interact_with_crafting_table":2,"minecraft:fly_one_cm":15595},"minecraft:mined":{"minecraft:oak_log":2,"minecraft:coal_ore":1}},"DataVersion":3953}