{"stats":{"minecraft:crafted":{"minecraft:cooked_beef":2,"minecraft:oak_planks":60,"minecraft:crafting_table":2,"minecraft:baked_potato":11,"minecraft:wooden_pickaxe":1,"minecraft:iron_helmet":1,"minecraft:iron_sword":1,"minecraft:furnace":2,"minecraft:bucket":2,"minecraft:air":0,"minecraft:wooden_hoe":1,"minecraft:iron_chestplate":1,"minecraft:iron_boots":1,"minecraft:shield":1,"minecraft:iron_axe":1,"minecraft:stick":28,"minecraft:iron_ingot":20,"minecraft:chest":2,"minecraft:iron_leggings":1,"minecraft:torch":56,"minecraft:shears":1},"minecraft:used":{"minecraft:water_bucket":4,"minecraft:diorite":3,"minecraft:baked_potato":3,"minecraft:oak_planks":7,"minecraft:chest":2,"minecraft:wooden_pickaxe":9,"minecraft:shield":63,"minecraft:iron_sword":55,"minecraft:sugar_cane":10,"minecraft:iron_chestplate":3,"minecraft:torch":29,"minecraft:dirt":8,"minecraft:crafting_table":2,"minecraft:dripstone_block":2,"minecraft:wooden_hoe":2,"minecraft:diamond_pickaxe":111,"minecraft:oak_stairs":1,"minecraft:iron_axe":36,"minecraft:bread":11,"minecraft:gravel":4,"minecraft:cobblestone":10,"minecraft:beef":6,"minecraft:furnace":2,"minecraft:bucket":5,"minecraft:yellow_bed":1,"minecraft:cooked_beef":2,"minecraft:cobbled_deepslate":5,"minecraft:iron_leggings":1},"minecraft:picked_up":{"minecraft:iron_chestplate":9,"minecraft:azure_bluet":6,"minecraft:glow_ink_sac":12,"minecraft:leather":28,"minecraft:wooden_pickaxe":5,"minecraft:oak_stairs":1,"minecraft:potato":6,"minecraft:diamond_horse_armor":4,"minecraft:oak_log":113,"minecraft:yellow_bed":1,"minecraft:shield":7,"minecraft:wooden_hoe":1,"minecraft:lapis_lazuli":238,"minecraft:dirt":48,"minecraft:iron_leggings":8,"minecraft:bone":30,"minecraft:cobbled_deepslate":5,"minecraft:raw_gold":70,"minecraft:bucket":3,"minecraft:beef":16,"minecraft:iron_ingot":28,"minecraft:sugar_cane":43,"minecraft:oak_planks":4,"minecraft:iron_sword":6,"minecraft:iron_boots":4,"minecraft:raw_iron":138,"minecraft:stick":10,"minecraft:dripstone_block":7,"minecraft:torch":7,"minecraft:dandelion":4,"minecraft:gravel":4,"minecraft:diorite":3,"minecraft:mossy_cobblestone":2,"minecraft:arrow":5,"minecraft:rotten_flesh":12,"minecraft:diamond":33,"minecraft:shears":3,"minecraft:iron_helmet":3,"minecraft:saddle":8,"minecraft:bread":54,"minecraft:baked_potato":11,"minecraft:oak_sapling":1,"minecraft:coal":78,"minecraft:cobblestone":63,"minecraft:diamond_pickaxe":10},"minecraft:custom":{"minecraft:interact_with_furnace":19,"minecraft:mob_kills":9,"minecraft:interact_with_crafting_table":17,"minecraft:time_since_death":10714,"minecraft:sleep_in_bed":3,"minecraft:time_since_rest":9643,"minecraft:sprint_one_cm":193644,"minecraft:damage_taken":3967,"minecraft:walk_one_cm":222788,"minecraft:damage_blocked_by_shield":1015,"minecraft:drop":13,"minecraft:damage_dealt":1966,"minecraft:talked_to_villager":5,"minecraft:swim_one_cm":14398,"minecraft:fly_one_cm":236012,"minecraft:player_kills":2,"minecraft:open_chest":12,"minecraft:crouch_one_cm":1218,"minecraft:play_time":63381,"minecraft:deaths":9,"minecraft:sneak_time":441,"minecraft:walk_under_water_one_cm":15290,"minecraft:jump":1527,"minecraft:walk_on_water_one_cm":24635,"minecraft:total_world_time":63381,"minecraft:fall_one_cm":54799,"minecraft:horse_one_cm":33091},"minecraft:killed":{"minecraft:skeleton":1,"minecraft:zombie":4,"minecraft:cow":4},"minecraft:killed_by":{"minecraft:player":2,"minecraft:skeleton":2,"minecraft:creeper":2},"minecraft:mined":{"minecraft:mossy_cobblestone":2,"minecraft:deepslate_diamond_ore":5,"minecraft:short_grass":13,"minecraft:grass_block":1,"minecraft:cobblestone":9,"minecraft:deepslate_gold_ore":10,"minecraft:oak_planks":1,"minecraft:sugar_cane":7,"minecraft:sculk":10,"minecraft:oxeye_daisy":1,"minecraft:iron_ore":15,"minecraft:yellow_bed":1,"minecraft:azure_bluet":2,"minecraft:deepslate_lapis_ore":5,"minecraft:oak_log":33,"minecraft:coal_ore":30,"minecraft:deepslate_iron_ore":12,"minecraft:oak_stairs":1,"minecraft:dirt":1,"minecraft:gravel":2,"minecraft:dripstone_block":2,"minecraft:stone":21,"minecraft:oak_leaves":1,"minecraft:deepslate":7},"minecraft:dropped":{"minecraft:bread":5,"minecraft:diamond":1,"minecraft:rotten_flesh":4,"minecraft:torch":16,"minecraft:wooden_pickaxe":1,"minecraft:bucket":1}},"DataVersion":3953}