{"stats":{"minecraft:crafted":{"minecraft:oak_planks":28,"minecraft:crafting_table":1,"minecraft:wooden_pickaxe":1,"minecraft:iron_helmet":1,"minecraft:iron_sword":1,"minecraft:furnace":1,"minecraft:air":0,"minecraft:wooden_hoe":1,"minecraft:iron_chestplate":1,"minecraft:iron_boots":1,"minecraft:shield":1,"minecraft:stick":20,"minecraft:iron_ingot":3,"minecraft:iron_leggings":1,"minecraft:torch":56},"minecraft:used":{"minecraft:diorite":3,"minecraft:oak_planks":2,"minecraft:wooden_pickaxe":9,"minecraft:shield":43,"minecraft:iron_sword":32,"minecraft:iron_chestplate":2,"minecraft:torch":29,"minecraft:dirt":4,"minecraft:crafting_table":1,"minecraft:wooden_hoe":2,"minecraft:diamond_pickaxe":76,"minecraft:bread":11,"minecraft:gravel":4,"minecraft:cobblestone":3,"minecraft:beef":6,"minecraft:furnace":1,"minecraft:cobbled_deepslate":5},"minecraft:picked_up":{"minecraft:iron_chestplate":6,"minecraft:azure_bluet":1,"minecraft:glow_ink_sac":12,"minecraft:leather":10,"minecraft:wooden_pickaxe":5,"minecraft:diamond_horse_armor":1,"minecraft:oak_log":82,"minecraft:shield":4,"minecraft:wooden_hoe":1,"minecraft:lapis_lazuli":136,"minecraft:dirt":22,"minecraft:iron_leggings":5,"minecraft:bone":19,"minecraft:cobbled_deepslate":5,"minecraft:raw_gold":40,"minecraft:beef":16,"minecraft:iron_ingot":20,"minecraft:oak_planks":3,"minecraft:iron_sword":3,"minecraft:iron_boots":4,"minecraft:raw_iron":100,"minecraft:stick":7,"minecraft:dripstone_block":2,"minecraft:torch":4,"minecraft:dandelion":4,"minecraft:gravel":4,"minecraft:diorite":3,"minecraft:arrow":5,"minecraft:rotten_flesh":6,"minecraft:diamond":18,"minecraft:iron_helmet":3,"minecraft:saddle":5,"minecraft:bread":54,"minecraft:coal":33,"minecraft:cobblestone":29,"minecraft:diamond_pickaxe":7},"minecraft:custom":{"minecraft:interact_with_furnace":4,"minecraft:mob_kills":9,"minecraft:interact_with_crafting_table":6,"minecraft:time_since_death":4208,"minecraft:sleep_in_bed":1,"minecraft:time_since_rest":173,"minecraft:sprint_one_cm":103434,"minecraft:damage_taken":3002,"minecraft:walk_one_cm":147355,"minecraft:damage_blocked_by_shield":814,"minecraft:drop":10,"minecraft:damage_dealt":1466,"minecraft:talked_to_villager":5,"minecraft:swim_one_cm":8892,"minecraft:fly_one_cm":106050,"minecraft:open_chest":5,"minecraft:crouch_one_cm":341,"minecraft:play_time":39381,"minecraft:deaths":6,"minecraft:sneak_time":86,"minecraft:walk_under_water_one_cm":9982,"minecraft:jump":919,"minecraft:walk_on_water_one_cm":19796,"minecraft:total_world_time":39381,"minecraft:fall_one_cm":28807,"minecraft:horse_one_cm":33091},"minecraft:killed":{"minecraft:skeleton":1,"minecraft:zombie":4,"minecraft:cow":4},"minecraft:killed_by":{"minecraft:skeleton":2,"minecraft:creeper":2},"minecraft:mined":{"minecraft:deepslate_diamond_ore":5,"minecraft:short_grass":4,"minecraft:cobblestone":3,"minecraft:deepslate_gold_ore":10,"minecraft:sculk":10,"minecraft:iron_ore":15,"minecraft:deepslate_lapis_ore":5,"minecraft:oak_log":2,"minecraft:coal_ore":15,"minecraft:deepslate_iron_ore":12,"minecraft:gravel":2,"minecraft:stone":11,"minecraft:deepslate":7},"minecraft:dropped":{"minecraft:bread":5,"minecraft:diamond":1,"minecraft:rotten_flesh":2,"minecraft:torch":16,"minecraft:wooden_pickaxe":1}},"DataVersion":3953}