{"stats":{"minecraft:crafted":{"minecraft:wooden_sword":2,"minecraft:oak_planks":84,"minecraft:furnace":2,"minecraft:iron_boots":2,"minecraft:iron_axe":2,"minecraft:chest":2,"minecraft:cooked_beef":2,"minecraft:crafting_table":2,"minecraft:iron_helmet":4,"minecraft:wooden_pickaxe":1,"minecraft:baked_potato":11,"minecraft:iron_sword":4,"minecraft:bucket":5,"minecraft:air":0,"minecraft:iron_chestplate":4,"minecraft:wooden_hoe":1,"minecraft:shield":2,"minecraft:stick":48,"minecraft:iron_ingot":20,"minecraft:iron_leggings":4,"minecraft:torch":56,"minecraft:shears":1},"minecraft:used":{"minecraft:poppy":1,"minecraft:chest":4,"minecraft:shield":63,"minecraft:iron_sword":75,"minecraft:iron_chestplate":8,"minecraft:torch":29,"minecraft:dirt":12,"minecraft:azure_bluet":3,"minecraft:iron_axe":44,"minecraft:oak_stairs":1,"minecraft:iron_helmet":3,"minecraft:iron_boots":52,"minecraft:beef":6,"minecraft:furnace":2,"minecraft:cooked_beef":2,"minecraft:cobbled_deepslate":5,"minecraft:iron_leggings":3,"minecraft:water_bucket":14,"minecraft:diorite":3,"minecraft:baked_potato":3,"minecraft:oak_planks":12,"minecraft:wooden_pickaxe":9,"minecraft:sugar_cane":10,"minecraft:salmon":3,"minecraft:crafting_table":3,"minecraft:dripstone_block":2,"minecraft:wooden_hoe":2,"minecraft:diamond_pickaxe":114,"minecraft:bread":11,"minecraft:gravel":4,"minecraft:wooden_sword":4,"minecraft:cobblestone":11,"minecraft:bucket":18,"minecraft:yellow_bed":1},"minecraft:picked_up":{"minecraft:iron_chestplate":14,"minecraft:crafting_table":1,"minecraft:wheat":1,"minecraft:azure_bluet":17,"minecraft:wooden_pickaxe":6,"minecraft:oak_stairs":2,"minecraft:diamond_horse_armor":5,"minecraft:shield":7,"minecraft:wooden_sword":1,"minecraft:iron_leggings":11,"minecraft:cobbled_deepslate":5,"minecraft:bucket":3,"minecraft:beef":16,"minecraft:poppy":5,"minecraft:sugar_cane":54,"minecraft:chest":2,"minecraft:iron_boots":22,"minecraft:furnace":1,"minecraft:stick":11,"minecraft:raw_iron":138,"minecraft:torch":9,"minecraft:diorite":3,"minecraft:rotten_flesh":16,"minecraft:arrow":8,"minecraft:shears":4,"minecraft:saddle":8,"minecraft:cobblestone":73,"minecraft:glow_ink_sac":12,"minecraft:salmon":11,"minecraft:leather":34,"minecraft:potato":12,"minecraft:oak_log":330,"minecraft:yellow_bed":1,"minecraft:lapis_lazuli":272,"minecraft:wooden_hoe":1,"minecraft:dirt":52,"minecraft:bone":33,"minecraft:wheat_seeds":15,"minecraft:raw_gold":80,"minecraft:iron_ingot":234,"minecraft:iron_sword":12,"minecraft:oak_planks":42,"minecraft:book":12,"minecraft:dandelion":4,"minecraft:dripstone_block":8,"minecraft:gravel":4,"minecraft:mossy_cobblestone":2,"minecraft:diamond":38,"minecraft:iron_helmet":10,"minecraft:bread":54,"minecraft:baked_potato":11,"minecraft:oak_sapling":1,"minecraft:coal":90,"minecraft:diamond_pickaxe":13},"minecraft:custom":{"minecraft:mob_kills":10,"minecraft:interact_with_crafting_table":36,"minecraft:leave_game":1,"minecraft:time_since_death":7763,"minecraft:sprint_one_cm":358836,"minecraft:walk_one_cm":377447,"minecraft:damage_blocked_by_shield":1015,"minecraft:drop":25,"minecraft:talked_to_villager":5,"minecraft:play_time":114805,"minecraft:deaths":29,"minecraft:sneak_time":4117,"minecraft:walk_under_water_one_cm":18144,"minecraft:jump":2856,"minecraft:walk_on_water_one_cm":48698,"minecraft:total_world_time":114805,"minecraft:interact_with_furnace":22,"minecraft:sleep_in_bed":5,"minecraft:time_since_rest":7788,"minecraft:damage_taken":9798,"minecraft:damage_dealt":3460,"minecraft:swim_one_cm":16719,"minecraft:fly_one_cm":495905,"minecraft:player_kills":7,"minecraft:open_chest":57,"minecraft:crouch_one_cm":14836,"minecraft:fall_one_cm":108873,"minecraft:horse_one_cm":33091},"minecraft:killed":{"minecraft:skeleton":2,"minecraft:zombie":4,"minecraft:cow":4},"minecraft:killed_by":{"minecraft:player":11,"minecraft:creeper":2,"minecraft:spider":1,"minecraft:iron_golem":1,"minecraft:warden":2,"minecraft:skeleton":3},"minecraft:mined":{"minecraft:mossy_cobblestone":2,"minecraft:deepslate_diamond_ore":5,"minecraft:grass_block":1,"minecraft:oxeye_daisy":1,"minecraft:furnace":1,"minecraft:iron_ore":15,"minecraft:deepslate_lapis_ore":5,"minecraft:azure_bluet":2,"minecraft:bookshelf":4,"minecraft:deepslate_iron_ore":12,"minecraft:dirt_path":4,"minecraft:oak_stairs":2,"minecraft:stone":21,"minecraft:crafting_table":1,"minecraft:torch":1,"minecraft:short_grass":33,"minecraft:poppy":1,"minecraft:chest":2,"minecraft:tall_grass":1,"minecraft:cobblestone":10,"minecraft:deepslate_gold_ore":10,"minecraft:sugar_cane":7,"minecraft:oak_planks":1,"minecraft:sculk":10,"minecraft:yellow_bed":1,"minecraft:coal_ore":30,"minecraft:oak_log":34,"minecraft:gravel":2,"minecraft:dripstone_block":2,"minecraft:dirt":2,"minecraft:oak_leaves":1,"minecraft:deepslate":7},"minecraft:dropped":{"minecraft:iron_ingot":2,"minecraft:bread":5,"minecraft:diamond":1,"minecraft:iron_helmet":3,"minecraft:torch":16,"minecraft:iron_leggings":1,"minecraft:wooden_sword":1,"minecraft:bucket":1,"minecraft:wheat":1,"minecraft:rotten_flesh":4,"minecraft:iron_boots":1,"minecraft:poppy":1,"minecraft:arrow":2,"minecraft:wooden_pickaxe":1}},"DataVersion":3953}