{"stats":{"minecraft:used":{"minecraft:iron_shovel":57,"minecraft:stone_pickaxe":303,"minecraft:wooden_pickaxe":6,"minecraft:stone":23,"minecraft:gravel":5,"minecraft:stone_bricks":121,"minecraft:stone_axe":5,"minecraft:dirt":1,"minecraft:cobblestone":10,"minecraft:sweet_berries":17,"minecraft:crafting_table":1,"minecraft:furnace":12,"minecraft:oak_sapling":1,"minecraft:andesite":3},"minecraft:picked_up":{"minecraft:crafting_table":1,"minecraft:stick":4,"minecraft:raw_iron":3,"minecraft:sweet_berries":47,"minecraft:andesite":5,"minecraft:gravel":16,"minecraft:flint":5,"minecraft:oak_log":10,"minecraft:spruce_sapling":1,"minecraft:dirt":54,"minecraft:stone_bricks":1,"minecraft:granite":19,"minecraft:oak_sapling":5,"minecraft:coal":32,"minecraft:cobblestone":248,"minecraft:furnace":6},"minecraft:custom":{"minecraft:time_since_rest":32065,"minecraft:interact_with_furnace":78,"minecraft:sprint_one_cm":66684,"minecraft:damage_taken":410,"minecraft:walk_one_cm":82270,"minecraft:damage_dealt":6,"minecraft:interact_with_crafting_table":18,"minecraft:swim_one_cm":2605,"minecraft:fly_one_cm":57456,"minecraft:crouch_one_cm":1321,"minecraft:play_time":33381,"minecraft:deaths":1,"minecraft:sneak_time":600,"minecraft:walk_under_water_one_cm":3639,"minecraft:jump":468,"minecraft:leave_game":2,"minecraft:time_since_death":31825,"minecraft:walk_on_water_one_cm":3206,"minecraft:total_world_time":33381,"minecraft:climb_one_cm":422,"minecraft:fall_one_cm":13860},"minecraft:mined":{"minecraft:furnace":6,"minecraft:iron_ore":3,"minecraft:fire":7,"minecraft:sweet_berry_bush":19,"minecraft:andesite":5,"minecraft:crafting_table":1,"minecraft:granite":19,"minecraft:coal_ore":26,"minecraft:grass_block":1,"minecraft:oak_log":10,"minecraft:dirt":53,"minecraft:gravel":21,"minecraft:cobblestone":10,"minecraft:stone_bricks":1,"minecraft:stone":238,"minecraft:oak_leaves":2},"minecraft:killed_by":{"minecraft:zombie":1},"minecraft:crafted":{"minecraft:oak_planks":40,"minecraft:shield":1,"minecraft:crafting_table":1,"minecraft:stick":8,"minecraft:iron_ingot":3,"minecraft:wooden_pickaxe":1,"minecraft:stone_pickaxe":3,"minecraft:iron_shovel":1,"minecraft:furnace":6,"minecraft:stone":145,"minecraft:stone_bricks":120,"minecraft:stone_axe":1,"minecraft:air":0},"minecraft:broken":{"minecraft:stone_pickaxe":2}},"DataVersion":3953}