{"stats":{"minecraft:mined":{"minecraft:crafting_table":1,"minecraft:granite":19,"minecraft:grass_block":4,"minecraft:cobblestone":10,"minecraft:spruce_leaves":1,"minecraft:diorite":2,"minecraft:large_fern":1,"minecraft:furnace":6,"minecraft:iron_ore":9,"minecraft:fire":7,"minecraft:sweet_berry_bush":19,"minecraft:andesite":5,"minecraft:stone_brick_stairs":7,"minecraft:oak_log":45,"minecraft:coal_ore":26,"minecraft:gravel":29,"minecraft:dirt":64,"minecraft:stone":257,"minecraft:stone_bricks":12,"minecraft:oak_leaves":4},"minecraft:broken":{"minecraft:stone_pickaxe":2},"minecraft:killed_by":{"minecraft:skeleton":2,"minecraft:spider":1,"minecraft:zombie":2},"minecraft:used":{"minecraft:diorite":1,"minecraft:iron_shovel":79,"minecraft:stone_pickaxe":345,"minecraft:oak_planks":3,"minecraft:chest":2,"minecraft:wooden_pickaxe":10,"minecraft:stone":24,"minecraft:rotten_flesh":3,"minecraft:dirt":35,"minecraft:crafting_table":2,"minecraft:oak_log":11,"minecraft:apple":1,"minecraft:chicken":3,"minecraft:iron_axe":53,"minecraft:gravel":11,"minecraft:stone_brick_stairs":15,"minecraft:stone_bricks":131,"minecraft:stone_axe":9,"minecraft:cobblestone":10,"minecraft:sweet_berries":41,"minecraft:furnace":12,"minecraft:oak_sapling":5,"minecraft:cooked_porkchop":1,"minecraft:andesite":5,"minecraft:egg":8},"minecraft:custom":{"minecraft:interact_with_furnace":129,"minecraft:mob_kills":8,"minecraft:interact_with_crafting_table":36,"minecraft:leave_game":3,"minecraft:time_since_death":12445,"minecraft:climb_one_cm":2373,"minecraft:time_since_rest":12471,"minecraft:sprint_one_cm":227029,"minecraft:damage_taken":1903,"minecraft:walk_one_cm":169677,"minecraft:drop":4,"minecraft:damage_dealt":1730,"minecraft:swim_one_cm":8149,"minecraft:fly_one_cm":250482,"minecraft:open_chest":9,"minecraft:crouch_one_cm":4662,"minecraft:play_time":76320,"minecraft:deaths":5,"minecraft:sneak_time":2184,"minecraft:walk_under_water_one_cm":18795,"minecraft:jump":1546,"minecraft:walk_on_water_one_cm":29901,"minecraft:total_world_time":76320,"minecraft:fall_one_cm":43180},"minecraft:dropped":{"minecraft:shield":1,"minecraft:iron_axe":1,"minecraft:wooden_pickaxe":1,"minecraft:stone_pickaxe":1},"minecraft:crafted":{"minecraft:oak_planks":144,"minecraft:cooked_porkchop":1,"minecraft:crafting_table":1,"minecraft:wooden_pickaxe":1,"minecraft:furnace":6,"minecraft:stone":178,"minecraft:stone_axe":1,"minecraft:air":0,"minecraft:stone_brick_stairs":8,"minecraft:iron_chestplate":2,"minecraft:shield":1,"minecraft:iron_axe":1,"minecraft:stick":20,"minecraft:iron_ingot":31,"minecraft:stone_pickaxe":4,"minecraft:chest":2,"minecraft:iron_shovel":1,"minecraft:iron_leggings":2,"minecraft:stone_bricks":152,"minecraft:oak_fence":9},"minecraft:picked_up":{"minecraft:crafting_table":1,"minecraft:feather":10,"minecraft:chicken":6,"minecraft:andesite":5,"minecraft:leather":9,"minecraft:lead":6,"minecraft:wooden_pickaxe":3,"minecraft:flint":17,"minecraft:stone_brick_stairs":11,"minecraft:oak_log":99,"minecraft:shield":2,"minecraft:lapis_lazuli":5,"minecraft:dirt":183,"minecraft:iron_axe":2,"minecraft:iron_shovel":2,"minecraft:apple":2,"minecraft:stone_bricks":56,"minecraft:iron_ingot":7,"minecraft:stone_pickaxe":2,"minecraft:oak_planks":22,"minecraft:egg":13,"minecraft:furnace":6,"minecraft:stick":10,"minecraft:raw_iron":19,"minecraft:stone":3,"minecraft:sweet_berries":68,"minecraft:oak_fence":9,"minecraft:gravel":48,"minecraft:porkchop":1,"minecraft:spruce_sapling":3,"minecraft:diorite":2,"minecraft:rotten_flesh":3,"minecraft:stone_axe":2,"minecraft:granite":57,"minecraft:oak_sapling":8,"minecraft:coal":35,"minecraft:cobblestone":267},"minecraft:killed":{"minecraft:trader_llama":2,"minecraft:zombie":3,"minecraft:chicken":3}},"DataVersion":3953}