{"stats":{"minecraft:used":{"minecraft:bread":3,"minecraft:stone_pickaxe":95,"minecraft:wooden_pickaxe":14,"minecraft:cobblestone":6,"minecraft:sand":12,"minecraft:golden_carrot":1,"minecraft:dark_oak_boat":1,"minecraft:crafting_table":2,"minecraft:andesite":3},"minecraft:mined":{"minecraft:iron_ore":6,"minecraft:dark_oak_log":1,"minecraft:andesite":3,"minecraft:short_grass":7,"minecraft:grass_block":3,"minecraft:oak_log":7,"minecraft:dirt":3,"minecraft:sand":11,"minecraft:lapis_ore":1,"minecraft:stone":79},"minecraft:crafted":{"minecraft:oak_planks":28,"minecraft:dark_oak_boat":1,"minecraft:crafting_table":2,"minecraft:stick":4,"minecraft:wooden_pickaxe":1,"minecraft:stone_pickaxe":1,"minecraft:dark_oak_planks":8,"minecraft:bread":3,"minecraft:wheat":9},"minecraft:dropped":{"minecraft:wheat_seeds":1,"minecraft:rotten_flesh":2},"minecraft:picked_up":{"minecraft:raw_iron":4,"minecraft:crafting_table":1,"minecraft:golden_carrot":7,"minecraft:andesite":3,"minecraft:wooden_pickaxe":1,"minecraft:sand":12,"minecraft:flint":2,"minecraft:oak_log":7,"minecraft:dark_oak_log":2,"minecraft:lapis_lazuli":4,"minecraft:dirt":6,"minecraft:dark_oak_planks":51,"minecraft:arrow":1,"minecraft:rotten_flesh":4,"minecraft:wheat_seeds":2,"minecraft:hay_block":1,"minecraft:cobblestone":78},"minecraft:custom":{"minecraft:time_since_rest":11882,"minecraft:sprint_one_cm":55759,"minecraft:damage_taken":1040,"minecraft:walk_one_cm":41022,"minecraft:mob_kills":1,"minecraft:drop":3,"minecraft:damage_dealt":645,"minecraft:swim_one_cm":1589,"minecraft:interact_with_crafting_table":4,"minecraft:fly_one_cm":96141,"minecraft:open_chest":2,"minecraft:crouch_one_cm":855,"minecraft:play_time":26572,"minecraft:deaths":3,"minecraft:sneak_time":465,"minecraft:walk_under_water_one_cm":567,"minecraft:boat_one_cm":101808,"minecraft:jump":516,"minecraft:leave_game":1,"minecraft:walk_on_water_one_cm":7300,"minecraft:time_since_death":11857,"minecraft:sleep_in_bed":5,"minecraft:total_world_time":26572,"minecraft:fall_one_cm":12666},"minecraft:killed_by":{"minecraft:player":1,"minecraft:skeleton":1,"minecraft:zombie":1},"minecraft:killed":{"minecraft:skeleton":1}},"DataVersion":3953}