{"stats":{"minecraft:used":{"minecraft:cherry_sapling":112,"minecraft:iron_shovel":822,"minecraft:poppy":1,"minecraft:oak_sign":3,"minecraft:chest":16,"minecraft:shield":35,"minecraft:stone":24,"minecraft:iron_sword":256,"minecraft:bell":1,"minecraft:rotten_flesh":9,"minecraft:iron_chestplate":1,"minecraft:carrot":1,"minecraft:obsidian":6,"minecraft:lava_bucket":29,"minecraft:iron_helmet":1,"minecraft:cherry_leaves":41,"minecraft:cherry_button":6,"minecraft:stone_brick_stairs":48,"minecraft:stone_bricks":143,"minecraft:sweet_berries":41,"minecraft:oak_sapling":14,"minecraft:furnace":15,"minecraft:egg":20,"minecraft:potato":7,"minecraft:diorite":1,"minecraft:copper_door":3,"minecraft:oak_planks":19,"minecraft:stone_pickaxe":348,"minecraft:ender_pearl":1,"minecraft:wooden_pickaxe":10,"minecraft:blue_bed":6,"minecraft:bamboo_stairs":20,"minecraft:golden_apple":1,"minecraft:glow_berries":16,"minecraft:blast_furnace":1,"minecraft:black_bed":1,"minecraft:shears":86,"minecraft:dark_oak_log":1,"minecraft:bread":34,"minecraft:cherry_sign":6,"minecraft:gravel":18,"minecraft:fire_charge":1,"minecraft:grindstone":1,"minecraft:smithing_table":1,"minecraft:cooked_rabbit":1,"minecraft:andesite":5,"minecraft:stripped_cherry_log":1,"minecraft:oak_boat":26,"minecraft:bone_meal":279,"minecraft:oak_fence":1,"minecraft:oak_trapdoor":2,"minecraft:cherry_wood":25,"minecraft:flint_and_steel":3,"minecraft:stone_shovel":161,"minecraft:cooked_chicken":1,"minecraft:netherrack":16,"minecraft:oak_door":2,"minecraft:torch":24,"minecraft:dirt":377,"minecraft:spyglass":32,"minecraft:hopper":1,"minecraft:iron_hoe":27,"minecraft:stone_brick_slab":62,"minecraft:iron_axe":567,"minecraft:cherry_slab":3,"minecraft:iron_boots":2,"minecraft:barrel":6,"minecraft:bamboo":108,"minecraft:cooked_beef":16,"minecraft:cherry_log":33,"minecraft:light_gray_bed":4,"minecraft:bamboo_planks":100,"minecraft:iron_leggings":1,"minecraft:cooked_mutton":14,"minecraft:water_bucket":36,"minecraft:dirt_path":1,"minecraft:baked_potato":6,"minecraft:cherry_planks":97,"minecraft:fletching_table":2,"minecraft:mossy_cobblestone":1,"minecraft:oak_slab":13,"minecraft:crafting_table":10,"minecraft:bamboo_block":23,"minecraft:white_bed":7,"minecraft:warped_planks":1,"minecraft:smoker":4,"minecraft:oak_log":11,"minecraft:apple":4,"minecraft:chicken":5,"minecraft:iron_pickaxe":427,"minecraft:stone_axe":9,"minecraft:pink_petals":13,"minecraft:cobblestone":122,"minecraft:porkchop":5,"minecraft:cooked_porkchop":23,"minecraft:bucket":68},"minecraft:picked_up":{"minecraft:iron_chestplate":8,"minecraft:wheat":3,"minecraft:lead":15,"minecraft:potion":1,"minecraft:stone_brick_stairs":17,"minecraft:amethyst_block":21,"minecraft:string":11,"minecraft:raw_copper":54,"minecraft:iron_leggings":8,"minecraft:bucket":1,"minecraft:azalea":10,"minecraft:iron_pickaxe":6,"minecraft:iron_boots":10,"minecraft:furnace":15,"minecraft:tipped_arrow":1,"minecraft:stick":179,"minecraft:oak_fence":17,"minecraft:torch":30,"minecraft:porkchop":29,"minecraft:cherry_log":347,"minecraft:diorite":3,"minecraft:warped_planks":1,"minecraft:dirt_path":1,"minecraft:bamboo_block":52,"minecraft:rotten_flesh":26,"minecraft:light_gray_bed":1,"minecraft:cobblestone":489,"minecraft:nautilus_shell":3,"minecraft:pink_petals":16,"minecraft:feather":14,"minecraft:cooked_beef":10,"minecraft:cherry_planks":70,"minecraft:cherry_leaves":152,"minecraft:water_bucket":1,"minecraft:andesite":5,"minecraft:golden_leggings":1,"minecraft:smoker":1,"minecraft:flint":26,"minecraft:lapis_lazuli":7,"minecraft:dirt":858,"minecraft:name_tag":1,"minecraft:bone":44,"minecraft:bow":1,"minecraft:wheat_seeds":86,"minecraft:raw_gold":8,"minecraft:bell":2,"minecraft:grindstone":2,"minecraft:glowstone_dust":1,"minecraft:fletching_table":3,"minecraft:bamboo":1130,"minecraft:moss_block":24,"minecraft:oak_planks":111,"minecraft:cooked_porkchop":7,"minecraft:ink_sac":4,"minecraft:dark_oak_log":3,"minecraft:barrel":3,"minecraft:mossy_cobblestone":1,"minecraft:diamond":2,"minecraft:cherry_wood":15,"minecraft:granite":77,"minecraft:bone_meal":462,"minecraft:golden_apple":1,"minecraft:emerald":27,"minecraft:bread":107,"minecraft:oak_sapling":39,"minecraft:netherrack":44,"minecraft:crafting_table":3,"minecraft:azure_bluet":7,"minecraft:chicken":9,"minecraft:clay_ball":24,"minecraft:wooden_pickaxe":4,"minecraft:stripped_cherry_log":2,"minecraft:chain":1,"minecraft:shield":5,"minecraft:cornflower":1,"minecraft:oak_trapdoor":2,"minecraft:moss_carpet":18,"minecraft:iron_axe":12,"minecraft:flint_and_steel":2,"minecraft:iron_shovel":5,"minecraft:beef":16,"minecraft:oak_boat":27,"minecraft:poppy":46,"minecraft:light_gray_wool":12,"minecraft:chest":4,"minecraft:birch_sapling":2,"minecraft:egg":25,"minecraft:raw_iron":76,"minecraft:stone":3,"minecraft:oak_door":4,"minecraft:carrot":1,"minecraft:redstone":7,"minecraft:arrow":32,"minecraft:shears":2,"minecraft:hay_block":48,"minecraft:glow_berries":16,"minecraft:white_wool":26,"minecraft:rail":2,"minecraft:leather":34,"minecraft:oak_log":162,"minecraft:lily_pad":15,"minecraft:gunpowder":3,"minecraft:blue_bed":5,"minecraft:cooked_mutton":5,"minecraft:apple":5,"minecraft:stone_bricks":61,"minecraft:warped_stem":7,"minecraft:stone_pickaxe":3,"minecraft:iron_ingot":233,"minecraft:glass_bottle":1,"minecraft:flowering_azalea":10,"minecraft:iron_sword":10,"minecraft:oak_slab":1,"minecraft:bamboo_planks":133,"minecraft:sweet_berries":68,"minecraft:stone_brick_slab":2,"minecraft:dandelion":29,"minecraft:spyglass":1,"minecraft:gravel":81,"minecraft:lava_bucket":1,"minecraft:amethyst_shard":12,"minecraft:spruce_sapling":4,"minecraft:blast_furnace":1,"minecraft:white_bed":4,"minecraft:spider_eye":3,"minecraft:stone_axe":3,"minecraft:short_grass":8,"minecraft:iron_helmet":8,"minecraft:cherry_sapling":218,"minecraft:warped_roots":3,"minecraft:black_wool":11,"minecraft:coal":110,"minecraft:ender_pearl":3},"minecraft:broken":{"minecraft:iron_shovel":2,"minecraft:stone_pickaxe":2,"minecraft:iron_sword":1,"minecraft:shield":1,"minecraft:iron_axe":2,"minecraft:iron_pickaxe":1,"minecraft:iron_helmet":1},"minecraft:mined":{"minecraft:large_amethyst_bud":1,"minecraft:white_bed":1,"minecraft:cherry_log":56,"minecraft:cave_vines_plant":10,"minecraft:granite":20,"minecraft:budding_amethyst":2,"minecraft:grass_block":265,"minecraft:light_gray_bed":1,"minecraft:bamboo_block":23,"minecraft:tall_seagrass":2,"minecraft:iron_ore":58,"minecraft:fire":16,"minecraft:barrel":3,"minecraft:moss_carpet":1,"minecraft:azure_bluet":2,"minecraft:cave_vines":29,"minecraft:flowering_azalea_leaves":1,"minecraft:dirt_path":31,"minecraft:small_amethyst_bud":1,"minecraft:azalea":2,"minecraft:smoker":1,"minecraft:medium_amethyst_bud":1,"minecraft:amethyst_cluster":1,"minecraft:clay":1,"minecraft:torch":3,"minecraft:blast_furnace":1,"minecraft:chest":3,"minecraft:cobblestone":30,"minecraft:grindstone":1,"minecraft:oak_planks":5,"minecraft:wall_torch":2,"minecraft:amethyst_block":7,"minecraft:pink_petals":7,"minecraft:warped_nylium":29,"minecraft:bamboo_planks":32,"minecraft:warped_planks":1,"minecraft:stone_brick_stairs":13,"minecraft:oak_log":75,"minecraft:dirt":201,"minecraft:netherrack":16,"minecraft:oak_leaves":61,"minecraft:mossy_cobblestone":2,"minecraft:oak_door":2,"minecraft:cherry_sapling":14,"minecraft:stripped_cherry_log":3,"minecraft:dark_oak_log":1,"minecraft:cherry_wood":1,"minecraft:spruce_leaves":1,"minecraft:moss_block":8,"minecraft:large_fern":1,"minecraft:hay_block":42,"minecraft:furnace":13,"minecraft:andesite":5,"minecraft:bell":1,"minecraft:deepslate_iron_ore":8,"minecraft:warped_stem":7,"minecraft:bamboo_sapling":1,"minecraft:bamboo":158,"minecraft:stone":420,"minecraft:podzol":3,"minecraft:oak_slab":1,"minecraft:flowering_azalea":1,"minecraft:cherry_planks":42,"minecraft:stone_brick_slab":1,"minecraft:dandelion":3,"minecraft:crafting_table":2,"minecraft:short_grass":162,"minecraft:emerald_ore":1,"minecraft:warped_roots":2,"minecraft:tall_grass":25,"minecraft:copper_ore":15,"minecraft:diorite":2,"minecraft:blue_bed":3,"minecraft:sweet_berry_bush":19,"minecraft:birch_leaves":7,"minecraft:coal_ore":80,"minecraft:cherry_leaves":126,"minecraft:gravel":45,"minecraft:cobweb":1,"minecraft:stone_bricks":12,"minecraft:gold_ore":4,"minecraft:fern":1},"minecraft:dropped":{"minecraft:lapis_lazuli":2,"minecraft:cooked_porkchop":2,"minecraft:dirt":7,"minecraft:bone":1,"minecraft:spyglass":1,"minecraft:white_bed":1,"minecraft:poppy":143,"minecraft:bread":81,"minecraft:cobblestone":2,"minecraft:ink_sac":1,"minecraft:iron_leggings":1,"minecraft:iron_axe":2,"minecraft:iron_boots":1,"minecraft:shield":1,"minecraft:iron_chestplate":1,"minecraft:golden_leggings":1,"minecraft:spider_eye":1,"minecraft:stone_pickaxe":2,"minecraft:wooden_pickaxe":1},"minecraft:killed_by":{"minecraft:creeper":1,"minecraft:drowned":2,"minecraft:zombie":2,"minecraft:spider":1,"minecraft:iron_golem":2,"minecraft:skeleton":6},"minecraft:custom":{"minecraft:interact_with_crafting_table":118,"minecraft:open_barrel":20,"minecraft:bell_ring":23,"minecraft:leave_game":13,"minecraft:time_since_death":12132,"minecraft:sprint_one_cm":1466070,"minecraft:damage_blocked_by_shield":2340,"minecraft:drop":111,"minecraft:talked_to_villager":21,"minecraft:play_time":583981,"minecraft:deaths":15,"minecraft:jump":9417,"minecraft:walk_on_water_one_cm":121448,"minecraft:interact_with_furnace":246,"minecraft:traded_with_villager":78,"minecraft:sleep_in_bed":25,"minecraft:damage_dealt":26864,"minecraft:player_kills":1,"minecraft:crouch_one_cm":24038,"minecraft:interact_with_smoker":22,"minecraft:horse_one_cm":159198,"minecraft:mob_kills":101,"minecraft:inspect_hopper":10,"minecraft:climb_one_cm":6060,"minecraft:walk_one_cm":1246617,"minecraft:sneak_time":9126,"minecraft:walk_under_water_one_cm":75514,"minecraft:boat_one_cm":430923,"minecraft:interact_with_blast_furnace":7,"minecraft:total_world_time":583981,"minecraft:time_since_rest":12162,"minecraft:damage_taken":10039,"minecraft:damage_absorbed":40,"minecraft:swim_one_cm":20684,"minecraft:fly_one_cm":1770898,"minecraft:open_chest":253,"minecraft:fall_one_cm":247732},"minecraft:killed":{"minecraft:witch":1,"minecraft:spider":7,"minecraft:skeleton":19,"minecraft:chicken":6,"minecraft:piglin":2,"minecraft:pig":7,"minecraft:iron_golem":10,"minecraft:creeper":3,"minecraft:sheep":1,"minecraft:trader_llama":7,"minecraft:zombie":21,"minecraft:cow":8,"minecraft:drowned":2,"minecraft:wandering_trader":3,"minecraft:villager":1,"minecraft:enderman":2},"minecraft:crafted":{"minecraft:oak_planks":348,"minecraft:smooth_stone":5,"minecraft:barrel":3,"minecraft:oak_sign":3,"minecraft:cherry_wood":27,"minecraft:cherry_slab":24,"minecraft:cooked_chicken":1,"minecraft:stone":247,"minecraft:cooked_mutton":9,"minecraft:warped_planks":28,"minecraft:bamboo_block":111,"minecraft:hopper":1,"minecraft:stone_brick_slab":60,"minecraft:iron_boots":2,"minecraft:chest":13,"minecraft:oak_fence":9,"minecraft:stone_bricks":216,"minecraft:cooked_rabbit":1,"minecraft:smoker":3,"minecraft:oak_slab":18,"minecraft:emerald":66,"minecraft:cooked_porkchop":24,"minecraft:crafting_table":8,"minecraft:baked_potato":6,"minecraft:wooden_pickaxe":1,"minecraft:iron_helmet":2,"minecraft:cherry_button":6,"minecraft:copper_door":3,"minecraft:smithing_table":1,"minecraft:copper_ingot":54,"minecraft:fletching_table":1,"minecraft:light_gray_bed":3,"minecraft:stone_brick_stairs":36,"minecraft:bamboo_planks":154,"minecraft:iron_chestplate":3,"minecraft:cherry_sign":6,"minecraft:shield":2,"minecraft:stick":1048,"minecraft:iron_pickaxe":3,"minecraft:iron_ingot":94,"minecraft:black_bed":1,"minecraft:shears":2,"minecraft:cherry_planks":652,"minecraft:oak_door":3,"minecraft:stone_shovel":12,"minecraft:spyglass":2,"minecraft:furnace":7,"minecraft:blast_furnace":1,"minecraft:bone_meal":591,"minecraft:bamboo_stairs":20,"minecraft:flint_and_steel":1,"minecraft:iron_axe":6,"minecraft:iron_hoe":1,"minecraft:stone_pickaxe":4,"minecraft:wheat":423,"minecraft:cooked_beef":16,"minecraft:iron_sword":1,"minecraft:blue_bed":1,"minecraft:bucket":3,"minecraft:stone_axe":1,"minecraft:bread":142,"minecraft:air":0,"minecraft:blue_dye":3,"minecraft:oak_boat":3,"minecraft:blue_wool":3,"minecraft:iron_shovel":5,"minecraft:iron_leggings":3,"minecraft:white_bed":6,"minecraft:torch":16}},"DataVersion":3953}