{"stats":{"minecraft:broken":{"minecraft:stone_hoe":1},"minecraft:crafted":{"minecraft:oak_planks":64,"minecraft:crafting_table":3,"minecraft:wooden_pickaxe":1,"minecraft:bucket":1,"minecraft:stone_axe":1,"minecraft:bread":435,"minecraft:stick":12,"minecraft:stone_pickaxe":1,"minecraft:wooden_axe":1,"minecraft:stone_hoe":1,"minecraft:wheat":1305},"minecraft:mined":{"minecraft:oak_slab":6,"minecraft:white_bed":18,"minecraft:dark_oak_leaves":1,"minecraft:oak_fence":13,"minecraft:torch":1,"minecraft:short_grass":12,"minecraft:grass_block":9,"minecraft:spruce_leaves":1,"minecraft:composter":1,"minecraft:oak_planks":5,"minecraft:hay_block":151,"minecraft:yellow_wool":15,"minecraft:yellow_bed":2,"minecraft:bell":1,"minecraft:oak_log":17,"minecraft:dirt":2,"minecraft:stone":11,"minecraft:white_wool":12,"minecraft:oak_leaves":1},"minecraft:dropped":{"minecraft:bread":84,"minecraft:oak_fence":1,"minecraft:stick":2,"minecraft:oak_sapling":3},"minecraft:picked_up":{"minecraft:yellow_wool":15,"minecraft:oak_log":16,"minecraft:yellow_bed":2,"minecraft:dirt":11,"minecraft:wheat_seeds":3,"minecraft:bell":1,"minecraft:rabbit_hide":1,"minecraft:iron_ingot":11,"minecraft:poppy":5,"minecraft:rabbit":1,"minecraft:oak_planks":5,"minecraft:oak_slab":6,"minecraft:oak_door":1,"minecraft:composter":1,"minecraft:oak_fence":13,"minecraft:torch":2,"minecraft:white_bed":18,"minecraft:rotten_flesh":1,"minecraft:hay_block":151,"minecraft:oak_sapling":5,"minecraft:white_wool":12,"minecraft:cobblestone":9},"minecraft:killed":{"minecraft:iron_golem":3,"minecraft:zombie":1,"minecraft:villager":1},"minecraft:custom":{"minecraft:mob_kills":5,"minecraft:interact_with_crafting_table":8,"minecraft:bell_ring":28,"minecraft:leave_game":1,"minecraft:time_since_death":70935,"minecraft:sleep_in_bed":5,"minecraft:time_since_rest":5593,"minecraft:sprint_one_cm":301932,"minecraft:damage_taken":475,"minecraft:walk_one_cm":144168,"minecraft:drop":87,"minecraft:damage_dealt":3406,"minecraft:talked_to_villager":3,"minecraft:swim_one_cm":15497,"minecraft:fly_one_cm":436668,"minecraft:open_chest":3,"minecraft:crouch_one_cm":1404,"minecraft:play_time":70935,"minecraft:sneak_time":425,"minecraft:walk_under_water_one_cm":5762,"minecraft:jump":1862,"minecraft:walk_on_water_one_cm":13023,"minecraft:total_world_time":70935,"minecraft:fall_one_cm":59553},"minecraft:used":{"minecraft:water_bucket":2,"minecraft:stone_pickaxe":1,"minecraft:poppy":1,"minecraft:oak_planks":44,"minecraft:wooden_pickaxe":11,"minecraft:composter":1,"minecraft:bell":1,"minecraft:stone_hoe":138,"minecraft:dirt":7,"minecraft:oak_slab":5,"minecraft:crafting_table":3,"minecraft:white_bed":17,"minecraft:wooden_axe":27,"minecraft:bread":22,"minecraft:yellow_wool":9,"minecraft:stone_axe":64,"minecraft:cobblestone":1,"minecraft:hay_block":4,"minecraft:oak_sapling":2,"minecraft:bucket":3,"minecraft:yellow_bed":2}},"DataVersion":3953}