{"stats":{"minecraft:used":{"minecraft:cobblestone_stairs":4,"minecraft:iron_shovel":26,"minecraft:stone_pickaxe":107,"minecraft:wooden_pickaxe":17,"minecraft:blue_bed":1,"minecraft:rotten_flesh":2,"minecraft:oak_door":2,"minecraft:torch":4,"minecraft:dirt":26,"minecraft:sand":12,"minecraft:crafting_table":3,"minecraft:iron_axe":10,"minecraft:bread":3,"minecraft:iron_pickaxe":201,"minecraft:golden_carrot":1,"minecraft:cobblestone":57,"minecraft:dark_oak_boat":1,"minecraft:furnace":5,"minecraft:andesite":3},"minecraft:broken":{"minecraft:stone_pickaxe":1},"minecraft:mined":{"minecraft:white_bed":1,"minecraft:oak_door":1,"minecraft:dark_oak_log":1,"minecraft:crafting_table":1,"minecraft:short_grass":8,"minecraft:grass_block":5,"minecraft:tall_grass":3,"minecraft:cobblestone":4,"minecraft:lapis_ore":1,"minecraft:furnace":1,"minecraft:iron_ore":6,"minecraft:andesite":3,"minecraft:oak_log":7,"minecraft:coal_ore":19,"minecraft:gravel":1,"minecraft:sand":11,"minecraft:dirt":18,"minecraft:stone":255},"minecraft:crafted":{"minecraft:oak_door":3,"minecraft:oak_planks":28,"minecraft:dark_oak_boat":1,"minecraft:crafting_table":2,"minecraft:wooden_pickaxe":1,"minecraft:furnace":4,"minecraft:blue_bed":1,"minecraft:cobblestone_stairs":4,"minecraft:bread":3,"minecraft:air":0,"minecraft:blue_dye":1,"minecraft:iron_axe":1,"minecraft:stick":16,"minecraft:iron_ingot":3,"minecraft:iron_pickaxe":1,"minecraft:stone_pickaxe":1,"minecraft:iron_shovel":1,"minecraft:dark_oak_planks":8,"minecraft:torch":16,"minecraft:wheat":9},"minecraft:dropped":{"minecraft:wheat_seeds":1,"minecraft:rotten_flesh":2},"minecraft:picked_up":{"minecraft:crafting_table":2,"minecraft:golden_carrot":7,"minecraft:andesite":3,"minecraft:wooden_pickaxe":1,"minecraft:flint":2,"minecraft:oak_log":7,"minecraft:lapis_lazuli":4,"minecraft:dirt":36,"minecraft:wheat_seeds":3,"minecraft:iron_ingot":9,"minecraft:poppy":1,"minecraft:oak_planks":1,"minecraft:furnace":1,"minecraft:raw_iron":4,"minecraft:oak_door":1,"minecraft:gravel":1,"minecraft:sand":12,"minecraft:white_bed":1,"minecraft:dark_oak_log":2,"minecraft:dark_oak_planks":51,"minecraft:arrow":2,"minecraft:rotten_flesh":5,"minecraft:hay_block":1,"minecraft:coal":19,"minecraft:cobblestone":261},"minecraft:custom":{"minecraft:interact_with_furnace":6,"minecraft:mob_kills":4,"minecraft:interact_with_crafting_table":13,"minecraft:leave_game":1,"minecraft:time_since_death":23857,"minecraft:sleep_in_bed":5,"minecraft:time_since_rest":23882,"minecraft:sprint_one_cm":77829,"minecraft:damage_taken":1163,"minecraft:walk_one_cm":78601,"minecraft:drop":3,"minecraft:damage_dealt":2500,"minecraft:swim_one_cm":1589,"minecraft:fly_one_cm":120477,"minecraft:open_chest":2,"minecraft:crouch_one_cm":2260,"minecraft:play_time":38572,"minecraft:deaths":3,"minecraft:sneak_time":830,"minecraft:walk_under_water_one_cm":567,"minecraft:boat_one_cm":101808,"minecraft:jump":702,"minecraft:walk_on_water_one_cm":7300,"minecraft:total_world_time":38572,"minecraft:fall_one_cm":15261},"minecraft:killed_by":{"minecraft:player":1,"minecraft:skeleton":1,"minecraft:zombie":1},"minecraft:killed":{"minecraft:iron_golem":1,"minecraft:skeleton":2,"minecraft:zombie":1}},"DataVersion":3953}