{"stats":{"minecraft:broken":{"minecraft:stone_pickaxe":2,"minecraft:shield":1,"minecraft:iron_axe":1,"minecraft:iron_pickaxe":1},"minecraft:mined":{"minecraft:large_amethyst_bud":1,"minecraft:white_bed":1,"minecraft:oak_door":1,"minecraft:dark_oak_log":1,"minecraft:cave_vines_plant":10,"minecraft:budding_amethyst":2,"minecraft:granite":20,"minecraft:grass_block":12,"minecraft:spruce_leaves":1,"minecraft:moss_block":8,"minecraft:hay_block":26,"minecraft:large_fern":1,"minecraft:tall_seagrass":2,"minecraft:furnace":13,"minecraft:iron_ore":58,"minecraft:fire":13,"minecraft:andesite":5,"minecraft:moss_carpet":1,"minecraft:cave_vines":29,"minecraft:deepslate_iron_ore":8,"minecraft:flowering_azalea_leaves":1,"minecraft:small_amethyst_bud":1,"minecraft:azalea":2,"minecraft:stone":405,"minecraft:podzol":3,"minecraft:flowering_azalea":1,"minecraft:smoker":1,"minecraft:medium_amethyst_bud":1,"minecraft:amethyst_cluster":1,"minecraft:stone_brick_slab":1,"minecraft:clay":1,"minecraft:crafting_table":2,"minecraft:torch":3,"minecraft:short_grass":11,"minecraft:emerald_ore":1,"minecraft:copper_ore":15,"minecraft:tall_grass":6,"minecraft:cobblestone":17,"minecraft:grindstone":1,"minecraft:wall_torch":1,"minecraft:oak_planks":4,"minecraft:diorite":2,"minecraft:blue_bed":3,"minecraft:amethyst_block":7,"minecraft:sweet_berry_bush":19,"minecraft:birch_leaves":6,"minecraft:stone_brick_stairs":13,"minecraft:oak_log":62,"minecraft:coal_ore":80,"minecraft:gravel":32,"minecraft:dirt":82,"minecraft:cobweb":1,"minecraft:stone_bricks":12,"minecraft:netherrack":1,"minecraft:gold_ore":4,"minecraft:oak_leaves":15,"minecraft:fern":1},"minecraft:killed_by":{"minecraft:creeper":1,"minecraft:spider":1,"minecraft:drowned":2,"minecraft:skeleton":5,"minecraft:zombie":2},"minecraft:custom":{"minecraft:mob_kills":54,"minecraft:interact_with_crafting_table":72,"minecraft:leave_game":6,"minecraft:time_since_death":26870,"minecraft:climb_one_cm":3115,"minecraft:sprint_one_cm":616268,"minecraft:walk_one_cm":556800,"minecraft:damage_blocked_by_shield":1030,"minecraft:drop":16,"minecraft:play_time":277916,"minecraft:sneak_time":6355,"minecraft:deaths":11,"minecraft:walk_under_water_one_cm":48946,"minecraft:boat_one_cm":375655,"minecraft:jump":4514,"minecraft:interact_with_blast_furnace":5,"minecraft:walk_on_water_one_cm":102657,"minecraft:total_world_time":277916,"minecraft:interact_with_furnace":229,"minecraft:sleep_in_bed":10,"minecraft:time_since_rest":26898,"minecraft:damage_taken":6068,"minecraft:damage_absorbed":40,"minecraft:damage_dealt":9418,"minecraft:swim_one_cm":19877,"minecraft:fly_one_cm":735939,"minecraft:open_chest":85,"minecraft:crouch_one_cm":16042,"minecraft:interact_with_smoker":22,"minecraft:fall_one_cm":113168,"minecraft:horse_one_cm":25128},"minecraft:used":{"minecraft:oak_fence":1,"minecraft:iron_shovel":86,"minecraft:flint_and_steel":2,"minecraft:poppy":1,"minecraft:chest":4,"minecraft:shield":21,"minecraft:iron_sword":143,"minecraft:stone":24,"minecraft:netherrack":1,"minecraft:cooked_chicken":1,"minecraft:rotten_flesh":6,"minecraft:oak_door":2,"minecraft:iron_chestplate":1,"minecraft:torch":24,"minecraft:dirt":49,"minecraft:spyglass":5,"minecraft:carrot":1,"minecraft:obsidian":3,"minecraft:iron_hoe":27,"minecraft:stone_brick_slab":62,"minecraft:lava_bucket":10,"minecraft:iron_axe":103,"minecraft:iron_boots":1,"minecraft:stone_brick_stairs":48,"minecraft:stone_bricks":143,"minecraft:sweet_berries":41,"minecraft:oak_sapling":6,"minecraft:furnace":14,"minecraft:egg":10,"minecraft:cooked_beef":11,"minecraft:cooked_mutton":12,"minecraft:water_bucket":10,"minecraft:diorite":1,"minecraft:oak_planks":10,"minecraft:stone_pickaxe":348,"minecraft:wooden_pickaxe":10,"minecraft:blue_bed":6,"minecraft:golden_apple":1,"minecraft:glow_berries":16,"minecraft:crafting_table":6,"minecraft:blast_furnace":1,"minecraft:white_bed":2,"minecraft:smoker":4,"minecraft:oak_log":11,"minecraft:apple":1,"minecraft:dark_oak_log":1,"minecraft:chicken":5,"minecraft:bread":3,"minecraft:iron_pickaxe":344,"minecraft:gravel":11,"minecraft:stone_axe":9,"minecraft:cobblestone":109,"minecraft:porkchop":1,"minecraft:grindstone":1,"minecraft:cooked_porkchop":8,"minecraft:andesite":5,"minecraft:bucket":21,"minecraft:oak_boat":10},"minecraft:dropped":{"minecraft:lapis_lazuli":2,"minecraft:cooked_porkchop":2,"minecraft:cobblestone":2,"minecraft:ink_sac":1,"minecraft:iron_leggings":1,"minecraft:iron_axe":1,"minecraft:bone":1,"minecraft:white_bed":1,"minecraft:shield":1,"minecraft:iron_chestplate":1,"minecraft:spider_eye":1,"minecraft:wooden_pickaxe":1,"minecraft:stone_pickaxe":2},"minecraft:crafted":{"minecraft:oak_door":3,"minecraft:smooth_stone":5,"minecraft:oak_planks":164,"minecraft:spyglass":1,"minecraft:cooked_chicken":1,"minecraft:furnace":6,"minecraft:blast_furnace":1,"minecraft:stone":247,"minecraft:bone_meal":15,"minecraft:cooked_mutton":9,"minecraft:flint_and_steel":1,"minecraft:stone_brick_slab":60,"minecraft:iron_boots":1,"minecraft:iron_axe":3,"minecraft:iron_hoe":1,"minecraft:stone_pickaxe":4,"minecraft:chest":3,"minecraft:stone_bricks":216,"minecraft:oak_fence":9,"minecraft:wheat":234,"minecraft:smoker":3,"minecraft:cooked_beef":16,"minecraft:cooked_porkchop":19,"minecraft:crafting_table":4,"minecraft:iron_helmet":1,"minecraft:wooden_pickaxe":1,"minecraft:iron_sword":1,"minecraft:blue_bed":1,"minecraft:copper_ingot":54,"minecraft:bucket":1,"minecraft:stone_axe":1,"minecraft:bread":78,"minecraft:air":0,"minecraft:blue_dye":3,"minecraft:oak_boat":1,"minecraft:stone_brick_stairs":36,"minecraft:iron_chestplate":2,"minecraft:shield":2,"minecraft:stick":28,"minecraft:iron_ingot":91,"minecraft:iron_pickaxe":2,"minecraft:blue_wool":3,"minecraft:iron_shovel":1,"minecraft:iron_leggings":2,"minecraft:torch":16},"minecraft:picked_up":{"minecraft:crafting_table":3,"minecraft:iron_chestplate":3,"minecraft:chicken":8,"minecraft:clay_ball":16,"minecraft:lead":7,"minecraft:wooden_pickaxe":4,"minecraft:stone_brick_stairs":17,"minecraft:chain":1,"minecraft:shield":3,"minecraft:amethyst_block":21,"minecraft:raw_copper":54,"minecraft:string":9,"minecraft:moss_carpet":18,"minecraft:iron_axe":5,"minecraft:flint_and_steel":2,"minecraft:iron_leggings":3,"minecraft:iron_shovel":3,"minecraft:bucket":1,"minecraft:beef":16,"minecraft:oak_boat":10,"minecraft:azalea":10,"minecraft:poppy":1,"minecraft:iron_pickaxe":3,"minecraft:chest":1,"minecraft:birch_sapling":2,"minecraft:furnace":15,"minecraft:iron_boots":4,"minecraft:egg":15,"minecraft:tipped_arrow":1,"minecraft:stick":17,"minecraft:raw_iron":76,"minecraft:stone":3,"minecraft:oak_door":3,"minecraft:oak_fence":17,"minecraft:torch":26,"minecraft:porkchop":26,"minecraft:diorite":3,"minecraft:carrot":1,"minecraft:arrow":15,"minecraft:rotten_flesh":18,"minecraft:hay_block":26,"minecraft:glow_berries":16,"minecraft:rail":2,"minecraft:white_wool":2,"minecraft:cobblestone":461,"minecraft:nautilus_shell":3,"minecraft:feather":13,"minecraft:cooked_beef":7,"minecraft:water_bucket":1,"minecraft:andesite":5,"minecraft:leather":28,"minecraft:smoker":1,"minecraft:flint":24,"minecraft:oak_log":116,"minecraft:lily_pad":15,"minecraft:gunpowder":2,"minecraft:lapis_lazuli":7,"minecraft:dirt":244,"minecraft:blue_bed":5,"minecraft:name_tag":1,"minecraft:cooked_mutton":3,"minecraft:bone":22,"minecraft:apple":2,"minecraft:stone_bricks":61,"minecraft:wheat_seeds":4,"minecraft:raw_gold":8,"minecraft:grindstone":2,"minecraft:stone_pickaxe":3,"minecraft:iron_ingot":96,"minecraft:moss_block":24,"minecraft:iron_sword":5,"minecraft:flowering_azalea":10,"minecraft:oak_planks":82,"minecraft:cooked_porkchop":4,"minecraft:sweet_berries":68,"minecraft:stone_brick_slab":2,"minecraft:gravel":66,"minecraft:lava_bucket":1,"minecraft:amethyst_shard":12,"minecraft:spruce_sapling":4,"minecraft:ink_sac":4,"minecraft:white_bed":3,"minecraft:spider_eye":2,"minecraft:dark_oak_log":3,"minecraft:diamond":2,"minecraft:stone_axe":3,"minecraft:iron_helmet":3,"minecraft:granite":77,"minecraft:bone_meal":15,"minecraft:golden_apple":1,"minecraft:emerald":3,"minecraft:bread":78,"minecraft:oak_sapling":15,"minecraft:netherrack":1,"minecraft:black_wool":3,"minecraft:coal":110,"minecraft:ender_pearl":2},"minecraft:killed":{"minecraft:spider":4,"minecraft:skeleton":9,"minecraft:chicken":5,"minecraft:drowned":1,"minecraft:pig":6,"minecraft:iron_golem":1,"minecraft:creeper":2,"minecraft:trader_llama":2,"minecraft:zombie":14,"minecraft:enderman":1,"minecraft:cow":8}},"DataVersion":3953}