{"stats":{"minecraft:crafted":{"minecraft:smooth_stone":6,"minecraft:oak_planks":1192,"minecraft:oak_sign":15,"minecraft:barrel":3,"minecraft:oak_pressure_plate":64,"minecraft:furnace":3,"minecraft:blast_furnace":1,"minecraft:stone":8,"minecraft:yellow_bed":2,"minecraft:oak_trapdoor":6,"minecraft:hopper":1,"minecraft:glass":113,"minecraft:iron_boots":9,"minecraft:iron_axe":3,"minecraft:iron_hoe":2,"minecraft:stone_pickaxe":1,"minecraft:chest":5,"minecraft:oak_button":28,"minecraft:spruce_boat":1,"minecraft:stone_hoe":13,"minecraft:smoker":1,"minecraft:wheat":1431,"minecraft:cooked_beef":7,"minecraft:oak_slab":30,"minecraft:emerald":87,"minecraft:diamond_axe":1,"minecraft:crafting_table":8,"minecraft:spruce_planks":24,"minecraft:wooden_pickaxe":1,"minecraft:iron_helmet":3,"minecraft:iron_sword":1,"minecraft:smithing_table":1,"minecraft:fletching_table":2,"minecraft:bucket":3,"minecraft:stone_axe":1,"minecraft:bread":476,"minecraft:air":0,"minecraft:oak_boat":3,"minecraft:diamond_pickaxe":1,"minecraft:iron_chestplate":2,"minecraft:shield":1,"minecraft:stick":1368,"minecraft:iron_ingot":5,"minecraft:iron_pickaxe":1,"minecraft:wooden_axe":1,"minecraft:iron_leggings":2,"minecraft:iron_shovel":8,"minecraft:white_bed":2,"minecraft:composter":2,"minecraft:torch":8,"minecraft:shears":1},"minecraft:used":{"minecraft:oak_trapdoor":7,"minecraft:iron_shovel":1284,"minecraft:poppy":1,"minecraft:oak_sign":13,"minecraft:spruce_planks":15,"minecraft:shield":22,"minecraft:chest":4,"minecraft:stone":2,"minecraft:iron_sword":99,"minecraft:bell":1,"minecraft:stone_hoe":138,"minecraft:torch":38,"minecraft:dirt":563,"minecraft:hopper":1,"minecraft:carrot":5,"minecraft:azure_bluet":5,"minecraft:spruce_boat":1,"minecraft:iron_hoe":208,"minecraft:glass":98,"minecraft:wooden_axe":27,"minecraft:lava_bucket":5,"minecraft:grass_block":1,"minecraft:iron_axe":408,"minecraft:iron_helmet":1,"minecraft:barrel":12,"minecraft:bedrock":26,"minecraft:hay_block":4,"minecraft:oak_sapling":4,"minecraft:furnace":3,"minecraft:cooked_beef":5,"minecraft:potato":16,"minecraft:cobbled_deepslate":9,"minecraft:iron_leggings":1,"minecraft:short_grass":1,"minecraft:water_bucket":44,"minecraft:stone_pickaxe":1,"minecraft:oak_planks":191,"minecraft:wooden_pickaxe":13,"minecraft:composter":3,"minecraft:diamond_axe":146,"minecraft:fletching_table":2,"minecraft:sugar_cane":6,"minecraft:oak_leaves":16,"minecraft:salmon":2,"minecraft:oak_slab":23,"minecraft:crafting_table":8,"minecraft:blast_furnace":1,"minecraft:white_bed":25,"minecraft:shears":13,"minecraft:smoker":1,"minecraft:oak_log":3,"minecraft:string":1,"minecraft:bread":131,"minecraft:iron_pickaxe":81,"minecraft:oak_button":34,"minecraft:lectern":32,"minecraft:gravel":49,"minecraft:yellow_wool":12,"minecraft:stone_axe":84,"minecraft:cobblestone":10,"minecraft:smithing_table":1,"minecraft:bucket":50,"minecraft:yellow_bed":3,"minecraft:oak_boat":29},"minecraft:picked_up":{"minecraft:spruce_leaves":2,"minecraft:iron_chestplate":2,"minecraft:azure_bluet":50,"minecraft:packed_ice":6,"minecraft:yellow_wool":30,"minecraft:wooden_pickaxe":1,"minecraft:diamond_horse_armor":1,"minecraft:brewing_stand":2,"minecraft:shield":1,"minecraft:music_disc_cat":1,"minecraft:string":1,"minecraft:oak_trapdoor":2,"minecraft:iron_axe":4,"minecraft:wooden_sword":1,"minecraft:iron_leggings":2,"minecraft:iron_shovel":4,"minecraft:oak_sign":5,"minecraft:cobbled_deepslate":9,"minecraft:cartography_table":2,"minecraft:bucket":1,"minecraft:beef":7,"minecraft:oak_boat":31,"minecraft:poppy":21,"minecraft:iron_pickaxe":5,"minecraft:lectern":32,"minecraft:sugar_cane":6,"minecraft:stone":2,"minecraft:iron_boots":4,"minecraft:furnace":2,"minecraft:raw_iron":2,"minecraft:stick":27,"minecraft:oak_door":1,"minecraft:composter":5,"minecraft:oak_fence":13,"minecraft:torch":32,"minecraft:carrot":16,"minecraft:redstone":2,"minecraft:rotten_flesh":63,"minecraft:arrow":26,"minecraft:beetroot_seeds":5,"minecraft:shears":1,"minecraft:hay_block":167,"minecraft:saddle":1,"minecraft:mutton":4,"minecraft:cobblestone":46,"minecraft:white_wool":24,"minecraft:oxeye_daisy":6,"minecraft:stripped_oak_log":1,"minecraft:glow_ink_sac":10,"minecraft:water_bucket":1,"minecraft:salmon":5,"minecraft:leather":3,"minecraft:potato":17,"minecraft:birch_planks":1,"minecraft:flint":4,"minecraft:oak_log":555,"minecraft:yellow_bed":3,"minecraft:gunpowder":5,"minecraft:lapis_lazuli":34,"minecraft:wooden_hoe":1,"minecraft:dirt":617,"minecraft:glass":15,"minecraft:bone":41,"minecraft:apple":3,"minecraft:bow":2,"minecraft:wheat_seeds":48,"minecraft:rabbit_hide":1,"minecraft:bell":1,"minecraft:iron_ingot":63,"minecraft:rabbit":3,"minecraft:iron_sword":2,"minecraft:stone_hoe":13,"minecraft:oak_planks":58,"minecraft:oak_slab":22,"minecraft:oak_pressure_plate":64,"minecraft:dandelion":3,"minecraft:gravel":59,"minecraft:sand":115,"minecraft:ink_sac":3,"minecraft:spruce_log":6,"minecraft:white_bed":23,"minecraft:grass_block":1,"minecraft:barrel":9,"minecraft:iron_hoe":2,"minecraft:diamond":1,"minecraft:spruce_boat":1,"minecraft:short_grass":1,"minecraft:iron_helmet":3,"minecraft:emerald":10,"minecraft:bread":238,"minecraft:oak_button":10,"minecraft:oak_sapling":7,"minecraft:coal":20,"minecraft:oak_leaves":20,"minecraft:diamond_pickaxe":4},"minecraft:broken":{"minecraft:iron_shovel":2,"minecraft:stone_hoe":1,"minecraft:iron_helmet":1},"minecraft:custom":{"minecraft:mob_kills":63,"minecraft:inspect_hopper":1,"minecraft:interact_with_crafting_table":55,"minecraft:open_barrel":4,"minecraft:bell_ring":33,"minecraft:leave_game":7,"minecraft:time_since_death":3058,"minecraft:climb_one_cm":1541,"minecraft:sprint_one_cm":1195587,"minecraft:damage_blocked_by_shield":995,"minecraft:walk_one_cm":1131573,"minecraft:drop":228,"minecraft:talked_to_villager":101,"minecraft:play_time":383322,"minecraft:deaths":16,"minecraft:sneak_time":11429,"minecraft:walk_under_water_one_cm":53447,"minecraft:boat_one_cm":82727,"minecraft:jump":8949,"minecraft:walk_on_water_one_cm":73433,"minecraft:total_world_time":383322,"minecraft:interact_with_furnace":37,"minecraft:traded_with_villager":108,"minecraft:sleep_in_bed":22,"minecraft:time_since_rest":2829,"minecraft:damage_taken":6927,"minecraft:damage_dealt":21172,"minecraft:player_kills":13,"minecraft:swim_one_cm":57066,"minecraft:fly_one_cm":1691206,"minecraft:open_chest":83,"minecraft:crouch_one_cm":29941,"minecraft:interact_with_smoker":3,"minecraft:fall_one_cm":262155,"minecraft:horse_one_cm":16196},"minecraft:killed":{"minecraft:spider":1,"minecraft:skeleton":13,"minecraft:zombie_villager":1,"minecraft:rabbit":1,"minecraft:iron_golem":11,"minecraft:bat":1,"minecraft:sheep":1,"minecraft:zombie":24,"minecraft:villager":2,"minecraft:cow":3},"minecraft:killed_by":{"minecraft:player":1,"minecraft:warden":1,"minecraft:skeleton":1,"minecraft:zombie":3},"minecraft:mined":{"minecraft:spruce_planks":1,"minecraft:white_bed":20,"minecraft:dark_oak_leaves":1,"minecraft:sculk_vein":17,"minecraft:brewing_stand":1,"minecraft:grass_block":293,"minecraft:spruce_leaves":4,"minecraft:cartography_table":1,"minecraft:composter":3,"minecraft:oxeye_daisy":2,"minecraft:hay_block":166,"minecraft:oak_trapdoor":2,"minecraft:furnace":2,"minecraft:carrots":1,"minecraft:barrel":9,"minecraft:azure_bluet":19,"minecraft:bell":1,"minecraft:potatoes":5,"minecraft:oak_sign":1,"minecraft:dirt_path":37,"minecraft:packed_ice":6,"minecraft:stripped_oak_log":1,"minecraft:stone":46,"minecraft:white_wool":18,"minecraft:oak_slab":14,"minecraft:oak_fence":13,"minecraft:torch":1,"minecraft:short_grass":174,"minecraft:lectern":32,"minecraft:glass":6,"minecraft:tall_grass":22,"minecraft:cobblestone":2,"minecraft:sugar_cane":3,"minecraft:oak_planks":50,"minecraft:sculk":83,"minecraft:yellow_wool":24,"minecraft:wheat":1,"minecraft:spruce_log":6,"minecraft:yellow_bed":2,"minecraft:oak_log":311,"minecraft:coal_ore":20,"minecraft:dripstone_block":1,"minecraft:gravel":59,"minecraft:sand":114,"minecraft:dirt":223,"minecraft:oak_button":2,"minecraft:oak_leaves":44,"minecraft:deepslate":8},"minecraft:dropped":{"minecraft:stone_hoe":25,"minecraft:iron_ingot":58,"minecraft:bread":191,"minecraft:iron_sword":2,"minecraft:oak_slab":7,"minecraft:wheat_seeds":1,"minecraft:lapis_lazuli":34,"minecraft:cooked_beef":2,"minecraft:oak_log":31,"minecraft:diamond":1,"minecraft:oak_fence":1,"minecraft:iron_helmet":3,"minecraft:cobblestone":1,"minecraft:stick":11,"minecraft:diamond_horse_armor":1,"minecraft:dirt":31,"minecraft:wooden_hoe":1,"minecraft:iron_axe":1,"minecraft:iron_pickaxe":1,"minecraft:iron_shovel":2,"minecraft:white_wool":6,"minecraft:dandelion":2,"minecraft:iron_boots":9,"minecraft:poppy":5,"minecraft:potato":6,"minecraft:diamond_pickaxe":5,"minecraft:oak_sapling":3,"minecraft:oak_boat":3}},"DataVersion":3953}