{"stats":{"minecraft:used":{"minecraft:oak_trapdoor":7,"minecraft:water_bucket":3,"minecraft:iron_shovel":262,"minecraft:stone_pickaxe":1,"minecraft:poppy":1,"minecraft:oak_planks":143,"minecraft:chest":2,"minecraft:wooden_pickaxe":11,"minecraft:composter":3,"minecraft:sugar_cane":6,"minecraft:bell":1,"minecraft:stone_hoe":138,"minecraft:torch":4,"minecraft:dirt":141,"minecraft:oak_slab":7,"minecraft:crafting_table":5,"minecraft:white_bed":22,"minecraft:iron_hoe":99,"minecraft:glass":98,"minecraft:wooden_axe":27,"minecraft:iron_axe":87,"minecraft:bread":33,"minecraft:iron_pickaxe":45,"minecraft:yellow_wool":12,"minecraft:stone_axe":84,"minecraft:cobblestone":1,"minecraft:hay_block":4,"minecraft:oak_sapling":2,"minecraft:furnace":3,"minecraft:bucket":3,"minecraft:yellow_bed":2,"minecraft:oak_boat":13,"minecraft:potato":5},"minecraft:picked_up":{"minecraft:yellow_wool":18,"minecraft:potato":3,"minecraft:flint":1,"minecraft:oak_log":63,"minecraft:brewing_stand":1,"minecraft:yellow_bed":2,"minecraft:dirt":165,"minecraft:oak_trapdoor":2,"minecraft:wheat_seeds":9,"minecraft:cartography_table":1,"minecraft:rabbit_hide":1,"minecraft:bell":1,"minecraft:iron_ingot":16,"minecraft:oak_boat":13,"minecraft:rabbit":1,"minecraft:poppy":7,"minecraft:lectern":1,"minecraft:sugar_cane":6,"minecraft:oak_planks":38,"minecraft:oak_slab":7,"minecraft:oak_door":1,"minecraft:composter":2,"minecraft:oak_fence":13,"minecraft:torch":2,"minecraft:dandelion":2,"minecraft:sand":114,"minecraft:white_bed":20,"minecraft:carrot":1,"minecraft:rotten_flesh":1,"minecraft:hay_block":165,"minecraft:oak_sapling":5,"minecraft:coal":19,"minecraft:white_wool":12,"minecraft:cobblestone":34},"minecraft:dropped":{"minecraft:bread":84,"minecraft:oak_fence":1,"minecraft:stick":2,"minecraft:poppy":5,"minecraft:oak_sapling":3,"minecraft:dandelion":1},"minecraft:killed":{"minecraft:iron_golem":4,"minecraft:skeleton":1,"minecraft:zombie":1,"minecraft:villager":1},"minecraft:custom":{"minecraft:interact_with_furnace":25,"minecraft:mob_kills":7,"minecraft:interact_with_crafting_table":21,"minecraft:bell_ring":33,"minecraft:leave_game":3,"minecraft:time_since_death":123533,"minecraft:sleep_in_bed":9,"minecraft:climb_one_cm":534,"minecraft:time_since_rest":4597,"minecraft:sprint_one_cm":442082,"minecraft:damage_taken":855,"minecraft:walk_one_cm":316741,"minecraft:drop":89,"minecraft:damage_dealt":4606,"minecraft:swim_one_cm":24303,"minecraft:talked_to_villager":7,"minecraft:fly_one_cm":544204,"minecraft:open_chest":15,"minecraft:crouch_one_cm":5190,"minecraft:play_time":123533,"minecraft:sneak_time":1843,"minecraft:walk_under_water_one_cm":12687,"minecraft:boat_one_cm":26489,"minecraft:jump":2739,"minecraft:walk_on_water_one_cm":26306,"minecraft:total_world_time":123533,"minecraft:fall_one_cm":82469},"minecraft:mined":{"minecraft:oak_slab":7,"minecraft:white_bed":20,"minecraft:dark_oak_leaves":1,"minecraft:brewing_stand":1,"minecraft:oak_fence":13,"minecraft:torch":1,"minecraft:short_grass":22,"minecraft:grass_block":103,"minecraft:lectern":1,"minecraft:glass":6,"minecraft:tall_grass":9,"minecraft:spruce_leaves":1,"minecraft:cartography_table":1,"minecraft:composter":2,"minecraft:sugar_cane":3,"minecraft:oak_planks":41,"minecraft:hay_block":165,"minecraft:oak_trapdoor":2,"minecraft:carrots":1,"minecraft:yellow_wool":18,"minecraft:wheat":1,"minecraft:yellow_bed":2,"minecraft:bell":1,"minecraft:potatoes":3,"minecraft:oak_log":64,"minecraft:coal_ore":19,"minecraft:dirt_path":10,"minecraft:gravel":1,"minecraft:sand":114,"minecraft:dirt":53,"minecraft:stone":36,"minecraft:white_wool":12,"minecraft:oak_leaves":3},"minecraft:crafted":{"minecraft:oak_planks":252,"minecraft:oak_slab":18,"minecraft:crafting_table":5,"minecraft:wooden_pickaxe":1,"minecraft:furnace":3,"minecraft:bucket":1,"minecraft:stone_axe":1,"minecraft:bread":476,"minecraft:air":0,"minecraft:oak_trapdoor":6,"minecraft:glass":113,"minecraft:oak_boat":1,"minecraft:iron_axe":1,"minecraft:iron_hoe":1,"minecraft:stick":20,"minecraft:iron_pickaxe":1,"minecraft:stone_pickaxe":1,"minecraft:wooden_axe":1,"minecraft:chest":2,"minecraft:iron_shovel":1,"minecraft:white_bed":2,"minecraft:composter":2,"minecraft:torch":4,"minecraft:stone_hoe":1,"minecraft:wheat":1431},"minecraft:broken":{"minecraft:iron_shovel":1,"minecraft:stone_hoe":1}},"DataVersion":3953}