{"stats":{"minecraft:crafted":{"minecraft:oak_planks":364,"minecraft:barrel":3,"minecraft:oak_sign":12,"minecraft:furnace":3,"minecraft:oak_trapdoor":6,"minecraft:hopper":1,"minecraft:glass":113,"minecraft:iron_axe":1,"minecraft:iron_hoe":1,"minecraft:stone_pickaxe":1,"minecraft:chest":5,"minecraft:oak_button":6,"minecraft:stone_hoe":1,"minecraft:wheat":1431,"minecraft:oak_slab":30,"minecraft:crafting_table":7,"minecraft:wooden_pickaxe":1,"minecraft:smithing_table":1,"minecraft:fletching_table":2,"minecraft:bucket":2,"minecraft:stone_axe":1,"minecraft:bread":476,"minecraft:air":0,"minecraft:oak_boat":2,"minecraft:stick":40,"minecraft:iron_pickaxe":1,"minecraft:wooden_axe":1,"minecraft:iron_shovel":6,"minecraft:white_bed":2,"minecraft:composter":2,"minecraft:torch":4},"minecraft:broken":{"minecraft:iron_shovel":2,"minecraft:stone_hoe":1},"minecraft:mined":{"minecraft:white_bed":20,"minecraft:dark_oak_leaves":1,"minecraft:brewing_stand":1,"minecraft:grass_block":217,"minecraft:spruce_leaves":1,"minecraft:cartography_table":1,"minecraft:composter":3,"minecraft:oxeye_daisy":2,"minecraft:hay_block":166,"minecraft:oak_trapdoor":2,"minecraft:carrots":1,"minecraft:azure_bluet":13,"minecraft:bell":1,"minecraft:potatoes":3,"minecraft:oak_sign":1,"minecraft:dirt_path":21,"minecraft:stripped_oak_log":1,"minecraft:stone":36,"minecraft:white_wool":12,"minecraft:oak_slab":10,"minecraft:oak_fence":13,"minecraft:torch":1,"minecraft:short_grass":93,"minecraft:lectern":10,"minecraft:glass":6,"minecraft:tall_grass":11,"minecraft:sugar_cane":3,"minecraft:oak_planks":50,"minecraft:yellow_wool":18,"minecraft:wheat":1,"minecraft:yellow_bed":2,"minecraft:oak_log":72,"minecraft:coal_ore":19,"minecraft:gravel":52,"minecraft:sand":114,"minecraft:dirt":148,"minecraft:oak_button":1,"minecraft:oak_leaves":5},"minecraft:dropped":{"minecraft:bread":174,"minecraft:oak_slab":7,"minecraft:oak_fence":1,"minecraft:cobblestone":1,"minecraft:stick":3,"minecraft:dirt":2,"minecraft:iron_axe":1,"minecraft:iron_shovel":1,"minecraft:white_wool":6,"minecraft:dandelion":1,"minecraft:poppy":5,"minecraft:oak_boat":2,"minecraft:oak_sapling":3},"minecraft:custom":{"minecraft:mob_kills":16,"minecraft:interact_with_crafting_table":32,"minecraft:open_barrel":2,"minecraft:bell_ring":33,"minecraft:leave_game":4,"minecraft:time_since_death":182827,"minecraft:climb_one_cm":661,"minecraft:sprint_one_cm":598783,"minecraft:walk_one_cm":526455,"minecraft:drop":126,"minecraft:talked_to_villager":26,"minecraft:play_time":182827,"minecraft:sneak_time":3433,"minecraft:walk_under_water_one_cm":16181,"minecraft:boat_one_cm":58693,"minecraft:jump":4079,"minecraft:walk_on_water_one_cm":32241,"minecraft:total_world_time":182827,"minecraft:interact_with_furnace":25,"minecraft:sleep_in_bed":13,"minecraft:time_since_rest":6283,"minecraft:damage_taken":1444,"minecraft:damage_dealt":8725,"minecraft:swim_one_cm":31210,"minecraft:fly_one_cm":786225,"minecraft:open_chest":22,"minecraft:crouch_one_cm":9506,"minecraft:fall_one_cm":122973},"minecraft:killed":{"minecraft:skeleton":1,"minecraft:iron_golem":8,"minecraft:sheep":1,"minecraft:zombie":4,"minecraft:villager":1},"minecraft:picked_up":{"minecraft:azure_bluet":13,"minecraft:yellow_wool":18,"minecraft:brewing_stand":1,"minecraft:oak_trapdoor":2,"minecraft:iron_axe":1,"minecraft:oak_sign":1,"minecraft:cartography_table":1,"minecraft:oak_boat":21,"minecraft:poppy":12,"minecraft:lectern":10,"minecraft:sugar_cane":6,"minecraft:stick":1,"minecraft:oak_door":1,"minecraft:composter":3,"minecraft:oak_fence":13,"minecraft:torch":2,"minecraft:carrot":1,"minecraft:rotten_flesh":3,"minecraft:hay_block":166,"minecraft:mutton":2,"minecraft:cobblestone":35,"minecraft:white_wool":12,"minecraft:oxeye_daisy":2,"minecraft:stripped_oak_log":1,"minecraft:potato":3,"minecraft:flint":4,"minecraft:oak_log":90,"minecraft:yellow_bed":2,"minecraft:dirt":387,"minecraft:wheat_seeds":18,"minecraft:rabbit_hide":1,"minecraft:bell":1,"minecraft:iron_ingot":31,"minecraft:rabbit":1,"minecraft:oak_planks":49,"minecraft:oak_slab":15,"minecraft:dandelion":2,"minecraft:gravel":48,"minecraft:sand":114,"minecraft:white_bed":23,"minecraft:oak_button":1,"minecraft:oak_sapling":5,"minecraft:coal":19},"minecraft:used":{"minecraft:oak_trapdoor":7,"minecraft:iron_shovel":701,"minecraft:poppy":1,"minecraft:oak_sign":11,"minecraft:chest":4,"minecraft:bell":1,"minecraft:stone_hoe":138,"minecraft:torch":4,"minecraft:dirt":369,"minecraft:hopper":1,"minecraft:iron_hoe":104,"minecraft:glass":98,"minecraft:wooden_axe":27,"minecraft:lava_bucket":5,"minecraft:iron_axe":160,"minecraft:barrel":3,"minecraft:hay_block":4,"minecraft:furnace":3,"minecraft:oak_sapling":2,"minecraft:potato":8,"minecraft:water_bucket":12,"minecraft:stone_pickaxe":1,"minecraft:oak_planks":188,"minecraft:wooden_pickaxe":11,"minecraft:composter":3,"minecraft:fletching_table":2,"minecraft:sugar_cane":6,"minecraft:oak_slab":14,"minecraft:crafting_table":7,"minecraft:white_bed":25,"minecraft:bread":53,"minecraft:oak_button":7,"minecraft:iron_pickaxe":45,"minecraft:lectern":10,"minecraft:gravel":45,"minecraft:yellow_wool":12,"minecraft:stone_axe":84,"minecraft:cobblestone":1,"minecraft:smithing_table":1,"minecraft:bucket":17,"minecraft:yellow_bed":2,"minecraft:oak_boat":20}},"DataVersion":3953}