{"stats":{"minecraft:used":{"minecraft:water_bucket":2,"minecraft:cobblestone_stairs":4,"minecraft:iron_shovel":135,"minecraft:stone_pickaxe":107,"minecraft:wooden_pickaxe":17,"minecraft:blue_bed":1,"minecraft:stone_hoe":81,"minecraft:rotten_flesh":3,"minecraft:oak_door":2,"minecraft:torch":13,"minecraft:dirt":125,"minecraft:sand":12,"minecraft:oak_slab":1,"minecraft:crafting_table":3,"minecraft:iron_axe":37,"minecraft:bread":3,"minecraft:iron_pickaxe":201,"minecraft:golden_carrot":1,"minecraft:cobblestone":101,"minecraft:dark_oak_boat":1,"minecraft:furnace":5,"minecraft:bucket":2,"minecraft:andesite":3},"minecraft:broken":{"minecraft:stone_pickaxe":1},"minecraft:mined":{"minecraft:white_bed":1,"minecraft:oak_door":1,"minecraft:dark_oak_log":1,"minecraft:crafting_table":1,"minecraft:short_grass":24,"minecraft:grass_block":90,"minecraft:tall_grass":3,"minecraft:cobblestone":4,"minecraft:lapis_ore":1,"minecraft:wall_torch":3,"minecraft:furnace":1,"minecraft:iron_ore":6,"minecraft:andesite":3,"minecraft:potatoes":9,"minecraft:oak_log":32,"minecraft:coal_ore":19,"minecraft:dirt_path":4,"minecraft:gravel":1,"minecraft:sand":11,"minecraft:dirt":23,"minecraft:stone":255},"minecraft:crafted":{"minecraft:oak_door":3,"minecraft:oak_slab":6,"minecraft:oak_planks":32,"minecraft:dark_oak_boat":1,"minecraft:crafting_table":2,"minecraft:wooden_pickaxe":1,"minecraft:furnace":4,"minecraft:blue_bed":1,"minecraft:cobblestone_stairs":4,"minecraft:bucket":1,"minecraft:bread":3,"minecraft:air":0,"minecraft:blue_dye":1,"minecraft:iron_axe":1,"minecraft:stick":16,"minecraft:iron_ingot":3,"minecraft:iron_pickaxe":1,"minecraft:stone_pickaxe":1,"minecraft:iron_shovel":1,"minecraft:dark_oak_planks":8,"minecraft:torch":16,"minecraft:stone_hoe":1,"minecraft:wheat":9},"minecraft:dropped":{"minecraft:wheat_seeds":1,"minecraft:rotten_flesh":2},"minecraft:picked_up":{"minecraft:crafting_table":2,"minecraft:golden_carrot":7,"minecraft:andesite":3,"minecraft:wooden_pickaxe":2,"minecraft:potato":14,"minecraft:flint":2,"minecraft:oak_log":56,"minecraft:lapis_lazuli":7,"minecraft:dirt":135,"minecraft:iron_axe":1,"minecraft:iron_shovel":1,"minecraft:wheat_seeds":5,"minecraft:bucket":1,"minecraft:iron_ingot":11,"minecraft:poppy":2,"minecraft:iron_pickaxe":1,"minecraft:stone_hoe":1,"minecraft:oak_planks":2,"minecraft:furnace":1,"minecraft:oak_slab":5,"minecraft:raw_iron":4,"minecraft:oak_door":3,"minecraft:torch":16,"minecraft:gravel":2,"minecraft:sand":12,"minecraft:white_bed":1,"minecraft:dark_oak_log":2,"minecraft:dark_oak_planks":51,"minecraft:arrow":4,"minecraft:rotten_flesh":5,"minecraft:hay_block":1,"minecraft:coal":34,"minecraft:cobblestone":378},"minecraft:custom":{"minecraft:interact_with_furnace":6,"minecraft:mob_kills":4,"minecraft:interact_with_crafting_table":17,"minecraft:leave_game":2,"minecraft:time_since_death":2198,"minecraft:sleep_in_bed":5,"minecraft:time_since_rest":2223,"minecraft:sprint_one_cm":115413,"minecraft:damage_taken":1361,"minecraft:walk_one_cm":134866,"minecraft:drop":3,"minecraft:damage_dealt":2735,"minecraft:swim_one_cm":1589,"minecraft:player_kills":1,"minecraft:fly_one_cm":164908,"minecraft:open_chest":2,"minecraft:crouch_one_cm":4367,"minecraft:play_time":48801,"minecraft:deaths":4,"minecraft:sneak_time":1170,"minecraft:walk_under_water_one_cm":567,"minecraft:boat_one_cm":101808,"minecraft:jump":885,"minecraft:walk_on_water_one_cm":7405,"minecraft:total_world_time":48801,"minecraft:fall_one_cm":21053},"minecraft:killed_by":{"minecraft:player":1,"minecraft:skeleton":1,"minecraft:zombie":1},"minecraft:killed":{"minecraft:iron_golem":1,"minecraft:skeleton":2,"minecraft:zombie":1}},"DataVersion":3953}