{"stats":{"minecraft:crafted":{"minecraft:oak_planks":24,"minecraft:crafting_table":2,"minecraft:stick":8,"minecraft:wooden_pickaxe":1,"minecraft:wooden_axe":1,"minecraft:stone_hoe":1,"minecraft:bread":18,"minecraft:wheat":54},"minecraft:dropped":{"minecraft:oak_sapling":3,"minecraft:oak_fence":1,"minecraft:stick":2},"minecraft:mined":{"minecraft:hay_block":73,"minecraft:white_bed":5,"minecraft:dark_oak_leaves":1,"minecraft:yellow_wool":9,"minecraft:yellow_bed":2,"minecraft:oak_fence":1,"minecraft:short_grass":10,"minecraft:grass_block":3,"minecraft:oak_log":7,"minecraft:dirt":1,"minecraft:spruce_leaves":1,"minecraft:stone":5,"minecraft:composter":1,"minecraft:white_wool":9},"minecraft:picked_up":{"minecraft:composter":1,"minecraft:yellow_wool":9,"minecraft:oak_fence":1,"minecraft:oak_log":6,"minecraft:white_bed":5,"minecraft:yellow_bed":2,"minecraft:dirt":4,"minecraft:wheat_seeds":1,"minecraft:hay_block":73,"minecraft:oak_sapling":3,"minecraft:cobblestone":3,"minecraft:white_wool":9},"minecraft:custom":{"minecraft:time_since_rest":2991,"minecraft:sprint_one_cm":165724,"minecraft:damage_taken":320,"minecraft:walk_one_cm":70423,"minecraft:drop":3,"minecraft:damage_dealt":6,"minecraft:swim_one_cm":6562,"minecraft:interact_with_crafting_table":3,"minecraft:fly_one_cm":265686,"minecraft:open_chest":2,"minecraft:crouch_one_cm":515,"minecraft:play_time":40935,"minecraft:sneak_time":182,"minecraft:walk_under_water_one_cm":3420,"minecraft:jump":1091,"minecraft:leave_game":1,"minecraft:time_since_death":40935,"minecraft:walk_on_water_one_cm":8327,"minecraft:sleep_in_bed":3,"minecraft:total_world_time":40935,"minecraft:fall_one_cm":35967},"minecraft:used":{"minecraft:wooden_axe":9,"minecraft:bread":12,"minecraft:wooden_pickaxe":5,"minecraft:composter":1,"minecraft:stone_hoe":75,"minecraft:dirt":4,"minecraft:cobblestone":1,"minecraft:hay_block":1,"minecraft:crafting_table":2,"minecraft:white_bed":2}},"DataVersion":3953}