{"stats":{"minecraft:used":{"minecraft:iron_shovel":75,"minecraft:stone_pickaxe":317,"minecraft:wooden_pickaxe":6,"minecraft:stone":23,"minecraft:dirt":10,"minecraft:crafting_table":2,"minecraft:oak_log":3,"minecraft:iron_axe":47,"minecraft:gravel":5,"minecraft:stone_brick_stairs":6,"minecraft:stone_bricks":130,"minecraft:stone_axe":5,"minecraft:cobblestone":10,"minecraft:sweet_berries":26,"minecraft:oak_sapling":5,"minecraft:furnace":12,"minecraft:andesite":5,"minecraft:egg":1},"minecraft:picked_up":{"minecraft:crafting_table":1,"minecraft:feather":5,"minecraft:chicken":3,"minecraft:andesite":5,"minecraft:leather":3,"minecraft:lead":2,"minecraft:flint":5,"minecraft:stone_brick_stairs":6,"minecraft:oak_log":42,"minecraft:dirt":90,"minecraft:apple":1,"minecraft:stone_bricks":7,"minecraft:furnace":6,"minecraft:egg":6,"minecraft:stick":4,"minecraft:raw_iron":5,"minecraft:sweet_berries":47,"minecraft:gravel":20,"minecraft:spruce_sapling":1,"minecraft:granite":19,"minecraft:oak_sapling":6,"minecraft:coal":32,"minecraft:cobblestone":248},"minecraft:killed":{"minecraft:trader_llama":2,"minecraft:chicken":3},"minecraft:custom":{"minecraft:interact_with_furnace":85,"minecraft:mob_kills":5,"minecraft:interact_with_crafting_table":21,"minecraft:leave_game":2,"minecraft:time_since_death":369,"minecraft:climb_one_cm":723,"minecraft:time_since_rest":400,"minecraft:sprint_one_cm":106327,"minecraft:damage_taken":988,"minecraft:walk_one_cm":113222,"minecraft:damage_dealt":894,"minecraft:fly_one_cm":88211,"minecraft:swim_one_cm":2605,"minecraft:crouch_one_cm":2090,"minecraft:play_time":45381,"minecraft:deaths":3,"minecraft:sneak_time":1107,"minecraft:walk_under_water_one_cm":14862,"minecraft:jump":747,"minecraft:walk_on_water_one_cm":6964,"minecraft:total_world_time":45381,"minecraft:fall_one_cm":20513},"minecraft:mined":{"minecraft:crafting_table":1,"minecraft:granite":19,"minecraft:grass_block":4,"minecraft:cobblestone":10,"minecraft:spruce_leaves":1,"minecraft:large_fern":1,"minecraft:furnace":6,"minecraft:iron_ore":5,"minecraft:fire":7,"minecraft:sweet_berry_bush":19,"minecraft:andesite":5,"minecraft:stone_brick_stairs":6,"minecraft:oak_log":42,"minecraft:coal_ore":26,"minecraft:gravel":25,"minecraft:dirt":64,"minecraft:stone":238,"minecraft:stone_bricks":7,"minecraft:oak_leaves":4},"minecraft:killed_by":{"minecraft:skeleton":1,"minecraft:spider":1,"minecraft:zombie":1},"minecraft:crafted":{"minecraft:oak_planks":40,"minecraft:crafting_table":1,"minecraft:wooden_pickaxe":1,"minecraft:furnace":6,"minecraft:stone":178,"minecraft:stone_axe":1,"minecraft:air":0,"minecraft:stone_brick_stairs":4,"minecraft:shield":1,"minecraft:iron_axe":1,"minecraft:stick":12,"minecraft:iron_ingot":5,"minecraft:stone_pickaxe":3,"minecraft:iron_shovel":1,"minecraft:stone_bricks":152},"minecraft:broken":{"minecraft:stone_pickaxe":2}},"DataVersion":3953}