{"stats":{"minecraft:broken":{"minecraft:stone_pickaxe":2},"minecraft:mined":{"minecraft:oak_door":1,"minecraft:granite":19,"minecraft:grass_block":4,"minecraft:spruce_leaves":1,"minecraft:large_fern":1,"minecraft:furnace":7,"minecraft:iron_ore":58,"minecraft:fire":7,"minecraft:andesite":5,"minecraft:deepslate_iron_ore":8,"minecraft:stone":341,"minecraft:crafting_table":1,"minecraft:torch":2,"minecraft:short_grass":1,"minecraft:cobblestone":12,"minecraft:diorite":2,"minecraft:sweet_berry_bush":19,"minecraft:birch_leaves":5,"minecraft:stone_brick_stairs":13,"minecraft:coal_ore":67,"minecraft:oak_log":49,"minecraft:dirt":70,"minecraft:gravel":32,"minecraft:cobweb":1,"minecraft:stone_bricks":12,"minecraft:gold_ore":4,"minecraft:oak_leaves":5},"minecraft:killed_by":{"minecraft:creeper":1,"minecraft:spider":1,"minecraft:skeleton":2,"minecraft:zombie":2},"minecraft:custom":{"minecraft:mob_kills":25,"minecraft:interact_with_crafting_table":56,"minecraft:leave_game":3,"minecraft:time_since_death":6393,"minecraft:climb_one_cm":2809,"minecraft:sprint_one_cm":384650,"minecraft:walk_one_cm":343684,"minecraft:damage_blocked_by_shield":375,"minecraft:drop":10,"minecraft:play_time":130320,"minecraft:deaths":6,"minecraft:sneak_time":4236,"minecraft:walk_under_water_one_cm":25599,"minecraft:jump":2688,"minecraft:walk_on_water_one_cm":43489,"minecraft:total_world_time":130320,"minecraft:interact_with_furnace":213,"minecraft:sleep_in_bed":5,"minecraft:time_since_rest":6425,"minecraft:damage_taken":3306,"minecraft:damage_dealt":3686,"minecraft:fly_one_cm":426904,"minecraft:swim_one_cm":10389,"minecraft:open_chest":56,"minecraft:crouch_one_cm":10627,"minecraft:interact_with_smoker":8,"minecraft:fall_one_cm":71827},"minecraft:used":{"minecraft:oak_fence":1,"minecraft:iron_shovel":86,"minecraft:chest":4,"minecraft:shield":7,"minecraft:stone":24,"minecraft:iron_sword":38,"minecraft:rotten_flesh":6,"minecraft:oak_door":2,"minecraft:torch":22,"minecraft:dirt":42,"minecraft:iron_axe":57,"minecraft:stone_brick_stairs":48,"minecraft:stone_bricks":139,"minecraft:sweet_berries":41,"minecraft:oak_sapling":5,"minecraft:furnace":12,"minecraft:egg":10,"minecraft:cooked_beef":3,"minecraft:cooked_mutton":12,"minecraft:diorite":1,"minecraft:stone_pickaxe":348,"minecraft:oak_planks":3,"minecraft:wooden_pickaxe":10,"minecraft:blue_bed":2,"minecraft:crafting_table":3,"minecraft:white_bed":1,"minecraft:smoker":1,"minecraft:oak_log":11,"minecraft:apple":1,"minecraft:chicken":5,"minecraft:bread":1,"minecraft:iron_pickaxe":206,"minecraft:gravel":11,"minecraft:stone_axe":9,"minecraft:cobblestone":40,"minecraft:cooked_porkchop":1,"minecraft:andesite":5},"minecraft:dropped":{"minecraft:lapis_lazuli":2,"minecraft:cobblestone":2,"minecraft:iron_leggings":1,"minecraft:iron_axe":1,"minecraft:shield":1,"minecraft:iron_chestplate":1,"minecraft:stone_pickaxe":2,"minecraft:wooden_pickaxe":1},"minecraft:crafted":{"minecraft:oak_door":3,"minecraft:oak_planks":144,"minecraft:furnace":6,"minecraft:stone":242,"minecraft:bone_meal":15,"minecraft:cooked_mutton":9,"minecraft:stone_brick_slab":6,"minecraft:iron_boots":1,"minecraft:iron_axe":2,"minecraft:stone_pickaxe":4,"minecraft:chest":3,"minecraft:stone_bricks":216,"minecraft:oak_fence":9,"minecraft:smoker":1,"minecraft:cooked_beef":8,"minecraft:cooked_porkchop":5,"minecraft:crafting_table":2,"minecraft:wooden_pickaxe":1,"minecraft:iron_helmet":1,"minecraft:iron_sword":1,"minecraft:blue_bed":1,"minecraft:stone_axe":1,"minecraft:air":0,"minecraft:blue_dye":3,"minecraft:stone_brick_stairs":36,"minecraft:iron_chestplate":2,"minecraft:shield":2,"minecraft:stick":24,"minecraft:iron_ingot":91,"minecraft:iron_pickaxe":1,"minecraft:blue_wool":3,"minecraft:iron_shovel":1,"minecraft:iron_leggings":2,"minecraft:torch":16},"minecraft:picked_up":{"minecraft:iron_chestplate":1,"minecraft:crafting_table":2,"minecraft:chicken":8,"minecraft:lead":7,"minecraft:wooden_pickaxe":4,"minecraft:stone_brick_stairs":17,"minecraft:chain":1,"minecraft:shield":3,"minecraft:string":5,"minecraft:iron_axe":3,"minecraft:iron_leggings":1,"minecraft:iron_shovel":3,"minecraft:beef":8,"minecraft:iron_pickaxe":1,"minecraft:chest":1,"minecraft:birch_sapling":2,"minecraft:iron_boots":1,"minecraft:furnace":7,"minecraft:egg":15,"minecraft:raw_iron":76,"minecraft:stick":15,"minecraft:stone":3,"minecraft:oak_door":3,"minecraft:oak_fence":17,"minecraft:torch":20,"minecraft:porkchop":5,"minecraft:diorite":3,"minecraft:arrow":11,"minecraft:rotten_flesh":8,"minecraft:rail":2,"minecraft:cobblestone":370,"minecraft:white_wool":2,"minecraft:feather":13,"minecraft:cooked_beef":7,"minecraft:andesite":5,"minecraft:leather":20,"minecraft:flint":23,"minecraft:oak_log":103,"minecraft:blue_bed":1,"minecraft:lapis_lazuli":7,"minecraft:dirt":223,"minecraft:name_tag":1,"minecraft:cooked_mutton":3,"minecraft:bone":5,"minecraft:apple":2,"minecraft:stone_bricks":59,"minecraft:raw_gold":8,"minecraft:iron_ingot":52,"minecraft:stone_pickaxe":3,"minecraft:iron_sword":1,"minecraft:oak_planks":79,"minecraft:cooked_porkchop":4,"minecraft:sweet_berries":68,"minecraft:gravel":66,"minecraft:spruce_sapling":4,"minecraft:white_bed":1,"minecraft:diamond":2,"minecraft:stone_axe":3,"minecraft:iron_helmet":1,"minecraft:granite":76,"minecraft:bone_meal":15,"minecraft:bread":1,"minecraft:oak_sapling":9,"minecraft:black_wool":3,"minecraft:coal":77},"minecraft:killed":{"minecraft:skeleton":3,"minecraft:chicken":5,"minecraft:pig":2,"minecraft:trader_llama":2,"minecraft:zombie":8,"minecraft:cow":4}},"DataVersion":3953}