{"stats":{"minecraft:crafted":{"minecraft:oak_slab":18,"minecraft:oak_planks":252,"minecraft:crafting_table":6,"minecraft:wooden_pickaxe":1,"minecraft:smithing_table":1,"minecraft:furnace":3,"minecraft:fletching_table":2,"minecraft:bucket":1,"minecraft:stone_axe":1,"minecraft:bread":476,"minecraft:air":0,"minecraft:oak_trapdoor":6,"minecraft:glass":113,"minecraft:oak_boat":1,"minecraft:iron_axe":1,"minecraft:iron_hoe":1,"minecraft:stick":24,"minecraft:iron_pickaxe":1,"minecraft:stone_pickaxe":1,"minecraft:wooden_axe":1,"minecraft:chest":2,"minecraft:iron_shovel":3,"minecraft:white_bed":2,"minecraft:composter":2,"minecraft:torch":4,"minecraft:stone_hoe":1,"minecraft:wheat":1431},"minecraft:broken":{"minecraft:iron_shovel":1,"minecraft:stone_hoe":1},"minecraft:mined":{"minecraft:oak_slab":8,"minecraft:white_bed":20,"minecraft:dark_oak_leaves":1,"minecraft:brewing_stand":1,"minecraft:oak_fence":13,"minecraft:torch":1,"minecraft:short_grass":54,"minecraft:grass_block":159,"minecraft:lectern":10,"minecraft:glass":6,"minecraft:tall_grass":9,"minecraft:spruce_leaves":1,"minecraft:composter":3,"minecraft:sugar_cane":3,"minecraft:oak_planks":47,"minecraft:cartography_table":1,"minecraft:hay_block":166,"minecraft:oak_trapdoor":2,"minecraft:carrots":1,"minecraft:yellow_wool":18,"minecraft:wheat":1,"minecraft:azure_bluet":2,"minecraft:yellow_bed":2,"minecraft:bell":1,"minecraft:potatoes":3,"minecraft:oak_log":64,"minecraft:coal_ore":19,"minecraft:dirt_path":20,"minecraft:gravel":52,"minecraft:sand":114,"minecraft:dirt":108,"minecraft:stone":36,"minecraft:white_wool":12,"minecraft:oak_leaves":3},"minecraft:dropped":{"minecraft:bread":174,"minecraft:oak_fence":1,"minecraft:stick":2,"minecraft:poppy":5,"minecraft:oak_boat":1,"minecraft:oak_sapling":3,"minecraft:iron_axe":1,"minecraft:iron_shovel":1,"minecraft:dandelion":1},"minecraft:custom":{"minecraft:interact_with_furnace":25,"minecraft:mob_kills":8,"minecraft:interact_with_crafting_table":26,"minecraft:bell_ring":33,"minecraft:leave_game":3,"minecraft:time_since_death":153210,"minecraft:climb_one_cm":661,"minecraft:sleep_in_bed":11,"minecraft:time_since_rest":8714,"minecraft:sprint_one_cm":513219,"minecraft:damage_taken":999,"minecraft:walk_one_cm":428259,"minecraft:drop":119,"minecraft:damage_dealt":5723,"minecraft:swim_one_cm":28406,"minecraft:talked_to_villager":26,"minecraft:fly_one_cm":630489,"minecraft:open_chest":22,"minecraft:crouch_one_cm":7349,"minecraft:play_time":153210,"minecraft:sneak_time":2509,"minecraft:walk_under_water_one_cm":13984,"minecraft:boat_one_cm":34245,"minecraft:jump":3238,"minecraft:walk_on_water_one_cm":27179,"minecraft:total_world_time":153210,"minecraft:fall_one_cm":96688},"minecraft:killed":{"minecraft:iron_golem":5,"minecraft:skeleton":1,"minecraft:zombie":1,"minecraft:villager":1},"minecraft:picked_up":{"minecraft:azure_bluet":3,"minecraft:yellow_wool":18,"minecraft:potato":3,"minecraft:flint":4,"minecraft:oak_log":63,"minecraft:brewing_stand":1,"minecraft:yellow_bed":2,"minecraft:dirt":287,"minecraft:oak_trapdoor":2,"minecraft:iron_axe":1,"minecraft:wheat_seeds":13,"minecraft:cartography_table":1,"minecraft:rabbit_hide":1,"minecraft:bell":1,"minecraft:iron_ingot":19,"minecraft:oak_boat":20,"minecraft:rabbit":1,"minecraft:poppy":9,"minecraft:lectern":10,"minecraft:sugar_cane":6,"minecraft:oak_planks":45,"minecraft:oak_slab":7,"minecraft:oak_door":1,"minecraft:composter":3,"minecraft:oak_fence":13,"minecraft:torch":2,"minecraft:dandelion":2,"minecraft:gravel":48,"minecraft:sand":114,"minecraft:white_bed":20,"minecraft:carrot":1,"minecraft:rotten_flesh":1,"minecraft:hay_block":166,"minecraft:oak_sapling":5,"minecraft:coal":19,"minecraft:white_wool":12,"minecraft:cobblestone":34},"minecraft:used":{"minecraft:oak_trapdoor":7,"minecraft:water_bucket":3,"minecraft:iron_shovel":454,"minecraft:stone_pickaxe":1,"minecraft:poppy":1,"minecraft:oak_planks":188,"minecraft:chest":2,"minecraft:wooden_pickaxe":11,"minecraft:composter":3,"minecraft:fletching_table":2,"minecraft:sugar_cane":6,"minecraft:bell":1,"minecraft:stone_hoe":138,"minecraft:torch":4,"minecraft:dirt":206,"minecraft:oak_slab":10,"minecraft:crafting_table":6,"minecraft:white_bed":22,"minecraft:iron_hoe":99,"minecraft:glass":98,"minecraft:wooden_axe":27,"minecraft:iron_axe":115,"minecraft:bread":41,"minecraft:iron_pickaxe":45,"minecraft:lectern":10,"minecraft:gravel":45,"minecraft:yellow_wool":12,"minecraft:stone_axe":84,"minecraft:cobblestone":1,"minecraft:hay_block":4,"minecraft:smithing_table":1,"minecraft:oak_sapling":2,"minecraft:furnace":3,"minecraft:bucket":3,"minecraft:yellow_bed":2,"minecraft:oak_boat":19,"minecraft:potato":8}},"DataVersion":3953}