{"stats":{"minecraft:used":{"minecraft:sweet_berries":6,"minecraft:oak_sapling":1},"minecraft:picked_up":{"minecraft:stick":2,"minecraft:sweet_berries":47,"minecraft:oak_log":6,"minecraft:spruce_sapling":1,"minecraft:oak_sapling":1,"minecraft:dirt":1},"minecraft:custom":{"minecraft:time_since_rest":8065,"minecraft:sprint_one_cm":36049,"minecraft:play_time":9381,"minecraft:deaths":1,"minecraft:damage_taken":330,"minecraft:walk_one_cm":15392,"minecraft:jump":209,"minecraft:damage_dealt":6,"minecraft:leave_game":2,"minecraft:walk_on_water_one_cm":651,"minecraft:time_since_death":7825,"minecraft:climb_one_cm":422,"minecraft:total_world_time":9381,"minecraft:fall_one_cm":5971,"minecraft:fly_one_cm":36295},"minecraft:mined":{"minecraft:grass_block":1,"minecraft:oak_log":6,"minecraft:fire":7,"minecraft:sweet_berry_bush":19,"minecraft:oak_leaves":1},"minecraft:killed_by":{"minecraft:zombie":1}},"DataVersion":3953}