{"stats":{"minecraft:broken":{"minecraft:iron_shovel":2,"minecraft:stone_pickaxe":2,"minecraft:shield":1,"minecraft:iron_axe":2,"minecraft:iron_pickaxe":1},"minecraft:mined":{"minecraft:large_amethyst_bud":1,"minecraft:white_bed":1,"minecraft:cherry_log":37,"minecraft:cave_vines_plant":10,"minecraft:granite":20,"minecraft:budding_amethyst":2,"minecraft:grass_block":116,"minecraft:light_gray_bed":1,"minecraft:tall_seagrass":2,"minecraft:iron_ore":58,"minecraft:fire":16,"minecraft:barrel":3,"minecraft:moss_carpet":1,"minecraft:azure_bluet":1,"minecraft:cave_vines":29,"minecraft:flowering_azalea_leaves":1,"minecraft:dirt_path":6,"minecraft:small_amethyst_bud":1,"minecraft:azalea":2,"minecraft:smoker":1,"minecraft:medium_amethyst_bud":1,"minecraft:amethyst_cluster":1,"minecraft:clay":1,"minecraft:torch":3,"minecraft:chest":3,"minecraft:cobblestone":30,"minecraft:grindstone":1,"minecraft:oak_planks":5,"minecraft:wall_torch":2,"minecraft:amethyst_block":7,"minecraft:pink_petals":5,"minecraft:warped_planks":1,"minecraft:stone_brick_stairs":13,"minecraft:oak_log":75,"minecraft:dirt":183,"minecraft:netherrack":1,"minecraft:oak_leaves":61,"minecraft:mossy_cobblestone":2,"minecraft:oak_door":2,"minecraft:cherry_sapling":2,"minecraft:stripped_cherry_log":2,"minecraft:dark_oak_log":1,"minecraft:spruce_leaves":1,"minecraft:moss_block":8,"minecraft:large_fern":1,"minecraft:hay_block":42,"minecraft:furnace":13,"minecraft:andesite":5,"minecraft:bell":1,"minecraft:deepslate_iron_ore":8,"minecraft:warped_stem":7,"minecraft:bamboo":9,"minecraft:stone":420,"minecraft:podzol":3,"minecraft:oak_slab":1,"minecraft:flowering_azalea":1,"minecraft:cherry_planks":32,"minecraft:stone_brick_slab":1,"minecraft:dandelion":1,"minecraft:crafting_table":2,"minecraft:short_grass":60,"minecraft:emerald_ore":1,"minecraft:tall_grass":9,"minecraft:copper_ore":15,"minecraft:diorite":2,"minecraft:blue_bed":3,"minecraft:sweet_berry_bush":19,"minecraft:birch_leaves":7,"minecraft:coal_ore":80,"minecraft:cherry_leaves":33,"minecraft:gravel":45,"minecraft:cobweb":1,"minecraft:stone_bricks":12,"minecraft:gold_ore":4,"minecraft:fern":1},"minecraft:killed_by":{"minecraft:creeper":1,"minecraft:drowned":2,"minecraft:zombie":2,"minecraft:spider":1,"minecraft:iron_golem":2,"minecraft:skeleton":5},"minecraft:custom":{"minecraft:interact_with_crafting_table":103,"minecraft:open_barrel":7,"minecraft:bell_ring":23,"minecraft:leave_game":7,"minecraft:time_since_death":134432,"minecraft:sprint_one_cm":1062068,"minecraft:damage_blocked_by_shield":1515,"minecraft:drop":108,"minecraft:talked_to_villager":14,"minecraft:play_time":456625,"minecraft:deaths":13,"minecraft:jump":7336,"minecraft:walk_on_water_one_cm":120632,"minecraft:interact_with_furnace":232,"minecraft:traded_with_villager":42,"minecraft:sleep_in_bed":19,"minecraft:damage_dealt":22284,"minecraft:crouch_one_cm":18842,"minecraft:interact_with_smoker":22,"minecraft:horse_one_cm":159198,"minecraft:mob_kills":80,"minecraft:inspect_hopper":2,"minecraft:climb_one_cm":4361,"minecraft:walk_one_cm":919250,"minecraft:sneak_time":7831,"minecraft:walk_under_water_one_cm":75302,"minecraft:boat_one_cm":430923,"minecraft:interact_with_blast_furnace":6,"minecraft:total_world_time":456625,"minecraft:time_since_rest":43539,"minecraft:damage_taken":7615,"minecraft:damage_absorbed":40,"minecraft:swim_one_cm":20684,"minecraft:fly_one_cm":1347284,"minecraft:open_chest":173,"minecraft:fall_one_cm":190041},"minecraft:used":{"minecraft:cherry_sapling":87,"minecraft:iron_shovel":688,"minecraft:poppy":1,"minecraft:oak_sign":3,"minecraft:chest":16,"minecraft:shield":23,"minecraft:stone":24,"minecraft:iron_sword":197,"minecraft:bell":1,"minecraft:rotten_flesh":9,"minecraft:iron_chestplate":1,"minecraft:carrot":1,"minecraft:obsidian":6,"minecraft:lava_bucket":16,"minecraft:iron_helmet":1,"minecraft:cherry_button":6,"minecraft:stone_brick_stairs":48,"minecraft:stone_bricks":143,"minecraft:sweet_berries":41,"minecraft:furnace":15,"minecraft:oak_sapling":14,"minecraft:egg":14,"minecraft:diorite":1,"minecraft:copper_door":3,"minecraft:oak_planks":19,"minecraft:stone_pickaxe":348,"minecraft:wooden_pickaxe":10,"minecraft:blue_bed":6,"minecraft:golden_apple":1,"minecraft:glow_berries":16,"minecraft:blast_furnace":1,"minecraft:black_bed":1,"minecraft:dark_oak_log":1,"minecraft:bread":34,"minecraft:cherry_sign":6,"minecraft:gravel":18,"minecraft:grindstone":1,"minecraft:smithing_table":1,"minecraft:andesite":5,"minecraft:stripped_cherry_log":1,"minecraft:oak_boat":26,"minecraft:oak_fence":1,"minecraft:oak_trapdoor":2,"minecraft:flint_and_steel":3,"minecraft:cooked_chicken":1,"minecraft:netherrack":1,"minecraft:oak_door":2,"minecraft:torch":24,"minecraft:dirt":200,"minecraft:spyglass":32,"minecraft:hopper":1,"minecraft:iron_hoe":27,"minecraft:stone_brick_slab":62,"minecraft:iron_axe":311,"minecraft:cherry_slab":3,"minecraft:iron_boots":2,"minecraft:barrel":6,"minecraft:bamboo":24,"minecraft:cooked_beef":13,"minecraft:cherry_log":2,"minecraft:light_gray_bed":4,"minecraft:cooked_mutton":12,"minecraft:water_bucket":35,"minecraft:cherry_planks":78,"minecraft:fletching_table":1,"minecraft:mossy_cobblestone":1,"minecraft:oak_slab":13,"minecraft:crafting_table":9,"minecraft:white_bed":7,"minecraft:smoker":4,"minecraft:warped_planks":1,"minecraft:oak_log":11,"minecraft:apple":1,"minecraft:chicken":5,"minecraft:iron_pickaxe":380,"minecraft:stone_axe":9,"minecraft:pink_petals":8,"minecraft:cobblestone":120,"minecraft:porkchop":5,"minecraft:cooked_porkchop":9,"minecraft:bucket":54},"minecraft:dropped":{"minecraft:lapis_lazuli":2,"minecraft:cooked_porkchop":2,"minecraft:dirt":7,"minecraft:bone":1,"minecraft:spyglass":1,"minecraft:white_bed":1,"minecraft:bread":81,"minecraft:cobblestone":2,"minecraft:ink_sac":1,"minecraft:iron_leggings":1,"minecraft:iron_axe":2,"minecraft:iron_boots":1,"minecraft:shield":1,"minecraft:iron_chestplate":1,"minecraft:golden_leggings":1,"minecraft:spider_eye":1,"minecraft:stone_pickaxe":2,"minecraft:wooden_pickaxe":1},"minecraft:crafted":{"minecraft:oak_planks":340,"minecraft:smooth_stone":5,"minecraft:oak_sign":3,"minecraft:barrel":3,"minecraft:cherry_slab":24,"minecraft:cooked_chicken":1,"minecraft:stone":247,"minecraft:cooked_mutton":9,"minecraft:warped_planks":28,"minecraft:hopper":1,"minecraft:stone_brick_slab":60,"minecraft:iron_boots":1,"minecraft:chest":13,"minecraft:oak_fence":9,"minecraft:stone_bricks":216,"minecraft:smoker":3,"minecraft:oak_slab":18,"minecraft:emerald":30,"minecraft:cooked_porkchop":21,"minecraft:crafting_table":7,"minecraft:wooden_pickaxe":1,"minecraft:iron_helmet":1,"minecraft:cherry_button":6,"minecraft:copper_door":3,"minecraft:smithing_table":1,"minecraft:copper_ingot":54,"minecraft:fletching_table":1,"minecraft:light_gray_bed":3,"minecraft:stone_brick_stairs":36,"minecraft:iron_chestplate":2,"minecraft:cherry_sign":6,"minecraft:shield":2,"minecraft:stick":1032,"minecraft:iron_ingot":94,"minecraft:iron_pickaxe":2,"minecraft:black_bed":1,"minecraft:shears":1,"minecraft:cherry_planks":612,"minecraft:oak_door":3,"minecraft:stone_shovel":12,"minecraft:spyglass":2,"minecraft:furnace":7,"minecraft:blast_furnace":1,"minecraft:bone_meal":15,"minecraft:flint_and_steel":1,"minecraft:iron_axe":5,"minecraft:iron_hoe":1,"minecraft:stone_pickaxe":4,"minecraft:wheat":423,"minecraft:cooked_beef":16,"minecraft:iron_sword":1,"minecraft:blue_bed":1,"minecraft:bucket":3,"minecraft:stone_axe":1,"minecraft:bread":142,"minecraft:air":0,"minecraft:blue_dye":3,"minecraft:oak_boat":3,"minecraft:blue_wool":3,"minecraft:iron_shovel":4,"minecraft:iron_leggings":2,"minecraft:white_bed":6,"minecraft:torch":16},"minecraft:picked_up":{"minecraft:iron_chestplate":5,"minecraft:wheat":3,"minecraft:lead":10,"minecraft:potion":1,"minecraft:stone_brick_stairs":17,"minecraft:amethyst_block":21,"minecraft:string":11,"minecraft:raw_copper":54,"minecraft:iron_leggings":5,"minecraft:bucket":1,"minecraft:azalea":10,"minecraft:iron_pickaxe":5,"minecraft:iron_boots":7,"minecraft:furnace":15,"minecraft:tipped_arrow":1,"minecraft:stick":85,"minecraft:oak_fence":17,"minecraft:torch":30,"minecraft:porkchop":29,"minecraft:cherry_log":182,"minecraft:diorite":3,"minecraft:warped_planks":1,"minecraft:rotten_flesh":25,"minecraft:light_gray_bed":1,"minecraft:cobblestone":489,"minecraft:nautilus_shell":3,"minecraft:pink_petals":11,"minecraft:feather":14,"minecraft:cooked_beef":7,"minecraft:cherry_planks":31,"minecraft:water_bucket":1,"minecraft:andesite":5,"minecraft:golden_leggings":1,"minecraft:smoker":1,"minecraft:flint":26,"minecraft:lapis_lazuli":7,"minecraft:dirt":462,"minecraft:name_tag":1,"minecraft:bone":23,"minecraft:wheat_seeds":17,"minecraft:raw_gold":8,"minecraft:bell":2,"minecraft:grindstone":2,"minecraft:glowstone_dust":1,"minecraft:bamboo":24,"minecraft:moss_block":24,"minecraft:oak_planks":85,"minecraft:cooked_porkchop":4,"minecraft:ink_sac":4,"minecraft:dark_oak_log":3,"minecraft:barrel":3,"minecraft:mossy_cobblestone":1,"minecraft:diamond":2,"minecraft:granite":77,"minecraft:bone_meal":15,"minecraft:golden_apple":1,"minecraft:bread":107,"minecraft:emerald":3,"minecraft:oak_sapling":39,"minecraft:netherrack":1,"minecraft:crafting_table":3,"minecraft:azure_bluet":1,"minecraft:chicken":9,"minecraft:clay_ball":24,"minecraft:wooden_pickaxe":4,"minecraft:stripped_cherry_log":1,"minecraft:chain":1,"minecraft:shield":4,"minecraft:cornflower":1,"minecraft:oak_trapdoor":2,"minecraft:moss_carpet":18,"minecraft:iron_axe":8,"minecraft:flint_and_steel":2,"minecraft:iron_shovel":3,"minecraft:beef":16,"minecraft:oak_boat":27,"minecraft:poppy":13,"minecraft:light_gray_wool":12,"minecraft:chest":4,"minecraft:birch_sapling":2,"minecraft:egg":19,"minecraft:raw_iron":76,"minecraft:stone":3,"minecraft:oak_door":4,"minecraft:carrot":1,"minecraft:redstone":7,"minecraft:arrow":17,"minecraft:shears":2,"minecraft:hay_block":48,"minecraft:glow_berries":16,"minecraft:white_wool":25,"minecraft:rail":2,"minecraft:leather":29,"minecraft:oak_log":160,"minecraft:lily_pad":15,"minecraft:gunpowder":3,"minecraft:blue_bed":5,"minecraft:cooked_mutton":3,"minecraft:apple":5,"minecraft:stone_bricks":61,"minecraft:warped_stem":7,"minecraft:iron_ingot":163,"minecraft:stone_pickaxe":3,"minecraft:glass_bottle":1,"minecraft:flowering_azalea":10,"minecraft:iron_sword":7,"minecraft:oak_slab":1,"minecraft:sweet_berries":68,"minecraft:stone_brick_slab":2,"minecraft:dandelion":5,"minecraft:spyglass":1,"minecraft:gravel":81,"minecraft:lava_bucket":1,"minecraft:amethyst_shard":12,"minecraft:spruce_sapling":4,"minecraft:white_bed":4,"minecraft:spider_eye":3,"minecraft:stone_axe":3,"minecraft:iron_helmet":5,"minecraft:cherry_sapling":112,"minecraft:black_wool":10,"minecraft:coal":110,"minecraft:ender_pearl":2},"minecraft:killed":{"minecraft:witch":1,"minecraft:spider":6,"minecraft:skeleton":10,"minecraft:chicken":6,"minecraft:pig":7,"minecraft:iron_golem":10,"minecraft:creeper":3,"minecraft:trader_llama":3,"minecraft:zombie":19,"minecraft:cow":8,"minecraft:drowned":2,"minecraft:wandering_trader":1,"minecraft:villager":1,"minecraft:enderman":2}},"DataVersion":3953}