{"stats":{"minecraft:crafted":{"minecraft:oak_planks":364,"minecraft:barrel":3,"minecraft:oak_sign":12,"minecraft:furnace":3,"minecraft:oak_trapdoor":6,"minecraft:hopper":1,"minecraft:glass":113,"minecraft:iron_axe":1,"minecraft:iron_hoe":1,"minecraft:stone_pickaxe":1,"minecraft:chest":5,"minecraft:oak_button":28,"minecraft:stone_hoe":1,"minecraft:wheat":1431,"minecraft:oak_slab":30,"minecraft:crafting_table":7,"minecraft:wooden_pickaxe":1,"minecraft:smithing_table":1,"minecraft:fletching_table":2,"minecraft:bucket":2,"minecraft:stone_axe":1,"minecraft:bread":476,"minecraft:air":0,"minecraft:oak_boat":2,"minecraft:stick":40,"minecraft:iron_pickaxe":1,"minecraft:wooden_axe":1,"minecraft:iron_shovel":6,"minecraft:white_bed":2,"minecraft:composter":2,"minecraft:torch":4},"minecraft:broken":{"minecraft:iron_shovel":2,"minecraft:stone_hoe":1},"minecraft:mined":{"minecraft:white_bed":20,"minecraft:dark_oak_leaves":1,"minecraft:brewing_stand":1,"minecraft:grass_block":230,"minecraft:spruce_leaves":1,"minecraft:cartography_table":1,"minecraft:composter":3,"minecraft:oxeye_daisy":2,"minecraft:hay_block":166,"minecraft:oak_trapdoor":2,"minecraft:carrots":1,"minecraft:barrel":6,"minecraft:azure_bluet":19,"minecraft:bell":1,"minecraft:potatoes":3,"minecraft:oak_sign":1,"minecraft:dirt_path":25,"minecraft:stripped_oak_log":1,"minecraft:stone":36,"minecraft:white_wool":12,"minecraft:oak_slab":10,"minecraft:oak_fence":13,"minecraft:torch":1,"minecraft:short_grass":131,"minecraft:lectern":10,"minecraft:glass":6,"minecraft:tall_grass":11,"minecraft:sugar_cane":3,"minecraft:oak_planks":50,"minecraft:yellow_wool":18,"minecraft:wheat":1,"minecraft:yellow_bed":2,"minecraft:oak_log":72,"minecraft:coal_ore":19,"minecraft:gravel":52,"minecraft:sand":114,"minecraft:dirt":159,"minecraft:oak_button":1,"minecraft:oak_leaves":5},"minecraft:dropped":{"minecraft:bread":174,"minecraft:oak_slab":7,"minecraft:oak_fence":1,"minecraft:cobblestone":1,"minecraft:stick":3,"minecraft:dirt":2,"minecraft:iron_axe":1,"minecraft:iron_shovel":1,"minecraft:white_wool":6,"minecraft:dandelion":1,"minecraft:poppy":5,"minecraft:oak_boat":2,"minecraft:oak_sapling":3},"minecraft:custom":{"minecraft:mob_kills":19,"minecraft:interact_with_crafting_table":32,"minecraft:open_barrel":3,"minecraft:bell_ring":33,"minecraft:leave_game":4,"minecraft:time_since_death":4053,"minecraft:climb_one_cm":661,"minecraft:sprint_one_cm":619420,"minecraft:walk_one_cm":577975,"minecraft:drop":126,"minecraft:talked_to_villager":26,"minecraft:play_time":194827,"minecraft:deaths":1,"minecraft:sneak_time":4063,"minecraft:walk_under_water_one_cm":16181,"minecraft:boat_one_cm":64640,"minecraft:jump":4273,"minecraft:walk_on_water_one_cm":32241,"minecraft:total_world_time":194827,"minecraft:interact_with_furnace":25,"minecraft:sleep_in_bed":15,"minecraft:time_since_rest":3127,"minecraft:damage_taken":2025,"minecraft:damage_dealt":9361,"minecraft:swim_one_cm":31210,"minecraft:fly_one_cm":805237,"minecraft:open_chest":23,"minecraft:crouch_one_cm":11108,"minecraft:fall_one_cm":127036},"minecraft:killed":{"minecraft:skeleton":1,"minecraft:iron_golem":8,"minecraft:sheep":1,"minecraft:zombie":7,"minecraft:villager":1},"minecraft:picked_up":{"minecraft:azure_bluet":41,"minecraft:yellow_wool":18,"minecraft:wooden_pickaxe":1,"minecraft:brewing_stand":2,"minecraft:oak_trapdoor":2,"minecraft:iron_axe":2,"minecraft:iron_shovel":2,"minecraft:oak_sign":3,"minecraft:cartography_table":2,"minecraft:bucket":1,"minecraft:oak_boat":24,"minecraft:iron_pickaxe":1,"minecraft:poppy":17,"minecraft:lectern":10,"minecraft:sugar_cane":6,"minecraft:stick":7,"minecraft:oak_door":1,"minecraft:composter":5,"minecraft:oak_fence":13,"minecraft:torch":4,"minecraft:carrot":2,"minecraft:rotten_flesh":9,"minecraft:hay_block":167,"minecraft:mutton":4,"minecraft:cobblestone":35,"minecraft:white_wool":12,"minecraft:oxeye_daisy":4,"minecraft:stripped_oak_log":1,"minecraft:potato":3,"minecraft:flint":4,"minecraft:oak_log":90,"minecraft:yellow_bed":2,"minecraft:dirt":416,"minecraft:glass":15,"minecraft:wheat_seeds":30,"minecraft:rabbit_hide":1,"minecraft:bell":1,"minecraft:iron_ingot":31,"minecraft:rabbit":1,"minecraft:oak_planks":49,"minecraft:oak_slab":16,"minecraft:dandelion":2,"minecraft:gravel":51,"minecraft:sand":114,"minecraft:white_bed":23,"minecraft:barrel":6,"minecraft:iron_hoe":1,"minecraft:bread":122,"minecraft:oak_button":9,"minecraft:oak_sapling":5,"minecraft:coal":19},"minecraft:killed_by":{"minecraft:zombie":1},"minecraft:used":{"minecraft:oak_trapdoor":7,"minecraft:iron_shovel":994,"minecraft:poppy":1,"minecraft:oak_sign":11,"minecraft:chest":4,"minecraft:bell":1,"minecraft:stone_hoe":138,"minecraft:torch":4,"minecraft:dirt":404,"minecraft:hopper":1,"minecraft:iron_hoe":104,"minecraft:glass":98,"minecraft:wooden_axe":27,"minecraft:lava_bucket":5,"minecraft:iron_axe":172,"minecraft:barrel":9,"minecraft:hay_block":4,"minecraft:furnace":3,"minecraft:oak_sapling":2,"minecraft:potato":8,"minecraft:water_bucket":12,"minecraft:stone_pickaxe":1,"minecraft:oak_planks":188,"minecraft:wooden_pickaxe":11,"minecraft:composter":3,"minecraft:fletching_table":2,"minecraft:sugar_cane":6,"minecraft:oak_slab":14,"minecraft:crafting_table":7,"minecraft:white_bed":25,"minecraft:bread":60,"minecraft:oak_button":30,"minecraft:iron_pickaxe":45,"minecraft:lectern":10,"minecraft:gravel":47,"minecraft:yellow_wool":12,"minecraft:stone_axe":84,"minecraft:cobblestone":2,"minecraft:smithing_table":1,"minecraft:bucket":17,"minecraft:yellow_bed":2,"minecraft:oak_boat":23}},"DataVersion":3953}