{"stats":{"minecraft:broken":{"minecraft:stone_pickaxe":2,"minecraft:shield":1,"minecraft:iron_axe":1,"minecraft:iron_pickaxe":1},"minecraft:mined":{"minecraft:large_amethyst_bud":1,"minecraft:white_bed":1,"minecraft:mossy_cobblestone":2,"minecraft:oak_door":2,"minecraft:cherry_log":10,"minecraft:cherry_sapling":1,"minecraft:dark_oak_log":1,"minecraft:cave_vines_plant":10,"minecraft:budding_amethyst":2,"minecraft:granite":20,"minecraft:grass_block":14,"minecraft:spruce_leaves":1,"minecraft:moss_block":8,"minecraft:hay_block":26,"minecraft:large_fern":1,"minecraft:tall_seagrass":2,"minecraft:furnace":13,"minecraft:iron_ore":58,"minecraft:fire":13,"minecraft:andesite":5,"minecraft:moss_carpet":1,"minecraft:cave_vines":29,"minecraft:deepslate_iron_ore":8,"minecraft:flowering_azalea_leaves":1,"minecraft:small_amethyst_bud":1,"minecraft:warped_stem":7,"minecraft:azalea":2,"minecraft:stone":410,"minecraft:podzol":3,"minecraft:flowering_azalea":1,"minecraft:smoker":1,"minecraft:medium_amethyst_bud":1,"minecraft:amethyst_cluster":1,"minecraft:stone_brick_slab":1,"minecraft:clay":1,"minecraft:crafting_table":2,"minecraft:torch":3,"minecraft:short_grass":13,"minecraft:emerald_ore":1,"minecraft:copper_ore":15,"minecraft:tall_grass":8,"minecraft:cobblestone":30,"minecraft:grindstone":1,"minecraft:wall_torch":1,"minecraft:oak_planks":4,"minecraft:diorite":2,"minecraft:blue_bed":3,"minecraft:amethyst_block":7,"minecraft:pink_petals":5,"minecraft:warped_planks":1,"minecraft:sweet_berry_bush":19,"minecraft:birch_leaves":7,"minecraft:stone_brick_stairs":13,"minecraft:oak_log":66,"minecraft:coal_ore":80,"minecraft:cherry_leaves":31,"minecraft:gravel":32,"minecraft:dirt":84,"minecraft:cobweb":1,"minecraft:stone_bricks":12,"minecraft:netherrack":1,"minecraft:gold_ore":4,"minecraft:oak_leaves":17,"minecraft:fern":1},"minecraft:killed_by":{"minecraft:creeper":1,"minecraft:spider":1,"minecraft:drowned":2,"minecraft:skeleton":5,"minecraft:zombie":2},"minecraft:custom":{"minecraft:mob_kills":58,"minecraft:open_barrel":1,"minecraft:interact_with_crafting_table":77,"minecraft:bell_ring":15,"minecraft:leave_game":6,"minecraft:time_since_death":62870,"minecraft:climb_one_cm":3809,"minecraft:sprint_one_cm":699609,"minecraft:walk_one_cm":606243,"minecraft:damage_blocked_by_shield":1030,"minecraft:drop":19,"minecraft:talked_to_villager":1,"minecraft:play_time":313916,"minecraft:sneak_time":6620,"minecraft:deaths":11,"minecraft:walk_under_water_one_cm":74845,"minecraft:boat_one_cm":382833,"minecraft:jump":5107,"minecraft:interact_with_blast_furnace":6,"minecraft:walk_on_water_one_cm":112708,"minecraft:total_world_time":313916,"minecraft:interact_with_furnace":229,"minecraft:sleep_in_bed":12,"minecraft:time_since_rest":8733,"minecraft:damage_taken":6336,"minecraft:damage_absorbed":40,"minecraft:damage_dealt":10960,"minecraft:swim_one_cm":20684,"minecraft:fly_one_cm":877318,"minecraft:open_chest":90,"minecraft:crouch_one_cm":16165,"minecraft:interact_with_smoker":22,"minecraft:fall_one_cm":133704,"minecraft:horse_one_cm":159198},"minecraft:used":{"minecraft:oak_fence":1,"minecraft:cherry_sapling":3,"minecraft:iron_shovel":86,"minecraft:flint_and_steel":3,"minecraft:poppy":1,"minecraft:chest":5,"minecraft:shield":21,"minecraft:iron_sword":167,"minecraft:stone":24,"minecraft:bell":1,"minecraft:netherrack":1,"minecraft:cooked_chicken":1,"minecraft:rotten_flesh":6,"minecraft:oak_door":2,"minecraft:iron_chestplate":1,"minecraft:torch":24,"minecraft:dirt":52,"minecraft:spyglass":31,"minecraft:carrot":1,"minecraft:obsidian":6,"minecraft:iron_hoe":27,"minecraft:stone_brick_slab":62,"minecraft:lava_bucket":10,"minecraft:iron_axe":133,"minecraft:iron_boots":1,"minecraft:stone_brick_stairs":48,"minecraft:stone_bricks":143,"minecraft:sweet_berries":41,"minecraft:oak_sapling":6,"minecraft:furnace":14,"minecraft:egg":11,"minecraft:cooked_beef":11,"minecraft:cooked_mutton":12,"minecraft:water_bucket":14,"minecraft:diorite":1,"minecraft:copper_door":3,"minecraft:oak_planks":15,"minecraft:stone_pickaxe":348,"minecraft:wooden_pickaxe":10,"minecraft:cherry_planks":40,"minecraft:blue_bed":6,"minecraft:mossy_cobblestone":1,"minecraft:golden_apple":1,"minecraft:glow_berries":16,"minecraft:crafting_table":8,"minecraft:blast_furnace":1,"minecraft:white_bed":2,"minecraft:warped_planks":1,"minecraft:smoker":4,"minecraft:oak_log":11,"minecraft:apple":1,"minecraft:dark_oak_log":1,"minecraft:chicken":5,"minecraft:bread":13,"minecraft:iron_pickaxe":368,"minecraft:gravel":11,"minecraft:pink_petals":8,"minecraft:stone_axe":9,"minecraft:cobblestone":119,"minecraft:porkchop":1,"minecraft:grindstone":1,"minecraft:cooked_porkchop":8,"minecraft:andesite":5,"minecraft:bucket":26,"minecraft:oak_boat":12},"minecraft:dropped":{"minecraft:lapis_lazuli":2,"minecraft:cooked_porkchop":2,"minecraft:cobblestone":2,"minecraft:ink_sac":1,"minecraft:iron_leggings":1,"minecraft:iron_axe":2,"minecraft:bone":1,"minecraft:spyglass":1,"minecraft:white_bed":1,"minecraft:shield":1,"minecraft:iron_chestplate":1,"minecraft:golden_leggings":1,"minecraft:spider_eye":1,"minecraft:wooden_pickaxe":1,"minecraft:stone_pickaxe":2},"minecraft:crafted":{"minecraft:cherry_planks":40,"minecraft:oak_door":3,"minecraft:smooth_stone":5,"minecraft:oak_planks":180,"minecraft:spyglass":2,"minecraft:cooked_chicken":1,"minecraft:furnace":6,"minecraft:blast_furnace":1,"minecraft:stone":247,"minecraft:bone_meal":15,"minecraft:cooked_mutton":9,"minecraft:flint_and_steel":1,"minecraft:warped_planks":28,"minecraft:stone_brick_slab":60,"minecraft:iron_boots":1,"minecraft:iron_axe":3,"minecraft:iron_hoe":1,"minecraft:stone_pickaxe":4,"minecraft:chest":4,"minecraft:stone_bricks":216,"minecraft:oak_fence":9,"minecraft:wheat":234,"minecraft:smoker":3,"minecraft:cooked_beef":16,"minecraft:cooked_porkchop":19,"minecraft:crafting_table":6,"minecraft:iron_helmet":1,"minecraft:wooden_pickaxe":1,"minecraft:iron_sword":1,"minecraft:copper_door":3,"minecraft:blue_bed":1,"minecraft:copper_ingot":54,"minecraft:bucket":1,"minecraft:stone_axe":1,"minecraft:bread":78,"minecraft:air":0,"minecraft:blue_dye":3,"minecraft:oak_boat":2,"minecraft:stone_brick_stairs":36,"minecraft:iron_chestplate":2,"minecraft:shield":2,"minecraft:stick":32,"minecraft:iron_ingot":94,"minecraft:iron_pickaxe":2,"minecraft:blue_wool":3,"minecraft:iron_shovel":1,"minecraft:iron_leggings":2,"minecraft:torch":16},"minecraft:picked_up":{"minecraft:crafting_table":3,"minecraft:iron_chestplate":3,"minecraft:chicken":8,"minecraft:clay_ball":16,"minecraft:lead":7,"minecraft:wooden_pickaxe":4,"minecraft:stone_brick_stairs":17,"minecraft:chain":1,"minecraft:shield":3,"minecraft:amethyst_block":21,"minecraft:raw_copper":54,"minecraft:string":9,"minecraft:moss_carpet":18,"minecraft:iron_axe":6,"minecraft:flint_and_steel":2,"minecraft:iron_leggings":3,"minecraft:iron_shovel":3,"minecraft:bucket":1,"minecraft:beef":16,"minecraft:oak_boat":12,"minecraft:azalea":10,"minecraft:poppy":1,"minecraft:iron_pickaxe":3,"minecraft:chest":1,"minecraft:birch_sapling":2,"minecraft:furnace":15,"minecraft:iron_boots":4,"minecraft:egg":16,"minecraft:tipped_arrow":1,"minecraft:stick":19,"minecraft:raw_iron":76,"minecraft:stone":3,"minecraft:oak_door":4,"minecraft:oak_fence":17,"minecraft:torch":28,"minecraft:porkchop":26,"minecraft:cherry_log":10,"minecraft:warped_planks":1,"minecraft:diorite":3,"minecraft:carrot":1,"minecraft:arrow":15,"minecraft:rotten_flesh":18,"minecraft:hay_block":27,"minecraft:glow_berries":16,"minecraft:rail":2,"minecraft:white_wool":2,"minecraft:cobblestone":478,"minecraft:nautilus_shell":3,"minecraft:pink_petals":8,"minecraft:feather":13,"minecraft:cooked_beef":7,"minecraft:water_bucket":1,"minecraft:andesite":5,"minecraft:leather":28,"minecraft:golden_leggings":1,"minecraft:smoker":1,"minecraft:flint":24,"minecraft:oak_log":120,"minecraft:lily_pad":15,"minecraft:gunpowder":2,"minecraft:lapis_lazuli":7,"minecraft:dirt":248,"minecraft:blue_bed":5,"minecraft:name_tag":1,"minecraft:cooked_mutton":3,"minecraft:bone":22,"minecraft:apple":2,"minecraft:stone_bricks":61,"minecraft:bell":1,"minecraft:wheat_seeds":7,"minecraft:warped_stem":7,"minecraft:raw_gold":8,"minecraft:grindstone":2,"minecraft:stone_pickaxe":3,"minecraft:iron_ingot":101,"minecraft:moss_block":24,"minecraft:iron_sword":5,"minecraft:flowering_azalea":10,"minecraft:oak_planks":82,"minecraft:cooked_porkchop":4,"minecraft:sweet_berries":68,"minecraft:stone_brick_slab":2,"minecraft:gravel":66,"minecraft:lava_bucket":1,"minecraft:amethyst_shard":12,"minecraft:spruce_sapling":4,"minecraft:ink_sac":4,"minecraft:white_bed":3,"minecraft:spider_eye":2,"minecraft:dark_oak_log":3,"minecraft:mossy_cobblestone":1,"minecraft:diamond":2,"minecraft:stone_axe":3,"minecraft:iron_helmet":3,"minecraft:cherry_sapling":3,"minecraft:granite":77,"minecraft:bone_meal":15,"minecraft:golden_apple":1,"minecraft:emerald":3,"minecraft:bread":78,"minecraft:oak_sapling":15,"minecraft:netherrack":1,"minecraft:black_wool":3,"minecraft:coal":110,"minecraft:ender_pearl":2},"minecraft:killed":{"minecraft:spider":4,"minecraft:skeleton":9,"minecraft:chicken":5,"minecraft:drowned":2,"minecraft:pig":6,"minecraft:iron_golem":2,"minecraft:creeper":3,"minecraft:trader_llama":2,"minecraft:zombie":14,"minecraft:villager":1,"minecraft:enderman":1,"minecraft:cow":8}},"DataVersion":3953}