{"stats":{"minecraft:crafted":{"minecraft:oak_slab":18,"minecraft:oak_planks":252,"minecraft:crafting_table":5,"minecraft:wooden_pickaxe":1,"minecraft:furnace":3,"minecraft:bucket":1,"minecraft:stone_axe":1,"minecraft:bread":476,"minecraft:air":0,"minecraft:oak_trapdoor":6,"minecraft:glass":113,"minecraft:oak_boat":1,"minecraft:iron_axe":1,"minecraft:iron_hoe":1,"minecraft:stick":24,"minecraft:iron_pickaxe":1,"minecraft:stone_pickaxe":1,"minecraft:wooden_axe":1,"minecraft:chest":2,"minecraft:iron_shovel":3,"minecraft:white_bed":2,"minecraft:composter":2,"minecraft:torch":4,"minecraft:stone_hoe":1,"minecraft:wheat":1431},"minecraft:broken":{"minecraft:iron_shovel":1,"minecraft:stone_hoe":1},"minecraft:mined":{"minecraft:oak_slab":7,"minecraft:white_bed":20,"minecraft:dark_oak_leaves":1,"minecraft:brewing_stand":1,"minecraft:oak_fence":13,"minecraft:torch":1,"minecraft:short_grass":45,"minecraft:grass_block":133,"minecraft:lectern":1,"minecraft:glass":6,"minecraft:tall_grass":9,"minecraft:spruce_leaves":1,"minecraft:composter":2,"minecraft:sugar_cane":3,"minecraft:oak_planks":43,"minecraft:cartography_table":1,"minecraft:hay_block":165,"minecraft:oak_trapdoor":2,"minecraft:carrots":1,"minecraft:yellow_wool":18,"minecraft:wheat":1,"minecraft:yellow_bed":2,"minecraft:bell":1,"minecraft:potatoes":3,"minecraft:oak_log":64,"minecraft:coal_ore":19,"minecraft:dirt_path":19,"minecraft:gravel":1,"minecraft:sand":114,"minecraft:dirt":67,"minecraft:stone":36,"minecraft:white_wool":12,"minecraft:oak_leaves":3},"minecraft:dropped":{"minecraft:bread":148,"minecraft:oak_fence":1,"minecraft:stick":2,"minecraft:poppy":5,"minecraft:oak_sapling":3,"minecraft:iron_axe":1,"minecraft:iron_shovel":1,"minecraft:dandelion":1},"minecraft:custom":{"minecraft:interact_with_furnace":25,"minecraft:mob_kills":7,"minecraft:interact_with_crafting_table":22,"minecraft:bell_ring":33,"minecraft:leave_game":3,"minecraft:time_since_death":129210,"minecraft:climb_one_cm":661,"minecraft:sleep_in_bed":9,"minecraft:time_since_rest":10274,"minecraft:sprint_one_cm":457719,"minecraft:damage_taken":905,"minecraft:walk_one_cm":336543,"minecraft:drop":92,"minecraft:damage_dealt":4626,"minecraft:swim_one_cm":24303,"minecraft:talked_to_villager":7,"minecraft:fly_one_cm":561141,"minecraft:open_chest":21,"minecraft:crouch_one_cm":5653,"minecraft:play_time":129210,"minecraft:sneak_time":2002,"minecraft:walk_under_water_one_cm":12687,"minecraft:boat_one_cm":26489,"minecraft:jump":2847,"minecraft:walk_on_water_one_cm":26306,"minecraft:total_world_time":129210,"minecraft:fall_one_cm":85908},"minecraft:killed":{"minecraft:iron_golem":4,"minecraft:skeleton":1,"minecraft:zombie":1,"minecraft:villager":1},"minecraft:picked_up":{"minecraft:azure_bluet":1,"minecraft:yellow_wool":18,"minecraft:potato":3,"minecraft:flint":1,"minecraft:oak_log":63,"minecraft:brewing_stand":1,"minecraft:yellow_bed":2,"minecraft:dirt":218,"minecraft:oak_trapdoor":2,"minecraft:iron_axe":1,"minecraft:wheat_seeds":10,"minecraft:cartography_table":1,"minecraft:rabbit_hide":1,"minecraft:bell":1,"minecraft:iron_ingot":16,"minecraft:oak_boat":13,"minecraft:rabbit":1,"minecraft:poppy":7,"minecraft:lectern":1,"minecraft:sugar_cane":6,"minecraft:oak_planks":42,"minecraft:oak_slab":7,"minecraft:oak_door":1,"minecraft:composter":2,"minecraft:oak_fence":13,"minecraft:torch":2,"minecraft:dandelion":2,"minecraft:sand":114,"minecraft:white_bed":20,"minecraft:carrot":1,"minecraft:rotten_flesh":1,"minecraft:hay_block":165,"minecraft:oak_sapling":5,"minecraft:coal":19,"minecraft:white_wool":12,"minecraft:cobblestone":34},"minecraft:used":{"minecraft:oak_trapdoor":7,"minecraft:water_bucket":3,"minecraft:iron_shovel":317,"minecraft:stone_pickaxe":1,"minecraft:poppy":1,"minecraft:oak_planks":164,"minecraft:chest":2,"minecraft:wooden_pickaxe":11,"minecraft:composter":3,"minecraft:sugar_cane":6,"minecraft:bell":1,"minecraft:stone_hoe":138,"minecraft:torch":4,"minecraft:dirt":141,"minecraft:oak_slab":7,"minecraft:crafting_table":5,"minecraft:white_bed":22,"minecraft:iron_hoe":99,"minecraft:glass":98,"minecraft:wooden_axe":27,"minecraft:iron_axe":89,"minecraft:bread":38,"minecraft:iron_pickaxe":45,"minecraft:yellow_wool":12,"minecraft:stone_axe":84,"minecraft:cobblestone":1,"minecraft:hay_block":4,"minecraft:oak_sapling":2,"minecraft:furnace":3,"minecraft:bucket":3,"minecraft:yellow_bed":2,"minecraft:oak_boat":13,"minecraft:potato":8}},"DataVersion":3953}