{"stats":{"minecraft:crafted":{"minecraft:oak_planks":772,"minecraft:oak_sign":15,"minecraft:barrel":3,"minecraft:oak_pressure_plate":64,"minecraft:furnace":3,"minecraft:oak_trapdoor":6,"minecraft:hopper":1,"minecraft:glass":113,"minecraft:iron_axe":2,"minecraft:iron_hoe":1,"minecraft:stone_pickaxe":1,"minecraft:chest":5,"minecraft:oak_button":28,"minecraft:stone_hoe":13,"minecraft:wheat":1431,"minecraft:oak_slab":30,"minecraft:emerald":16,"minecraft:crafting_table":7,"minecraft:wooden_pickaxe":1,"minecraft:iron_sword":1,"minecraft:smithing_table":1,"minecraft:fletching_table":2,"minecraft:bucket":2,"minecraft:stone_axe":1,"minecraft:bread":476,"minecraft:air":0,"minecraft:oak_boat":3,"minecraft:stick":552,"minecraft:iron_ingot":4,"minecraft:iron_pickaxe":1,"minecraft:wooden_axe":1,"minecraft:iron_shovel":7,"minecraft:white_bed":2,"minecraft:composter":2,"minecraft:torch":4},"minecraft:picked_up":{"minecraft:azure_bluet":43,"minecraft:yellow_wool":18,"minecraft:wooden_pickaxe":1,"minecraft:brewing_stand":2,"minecraft:oak_trapdoor":2,"minecraft:iron_axe":3,"minecraft:iron_shovel":3,"minecraft:oak_sign":3,"minecraft:cartography_table":2,"minecraft:bucket":1,"minecraft:oak_boat":31,"minecraft:poppy":19,"minecraft:iron_pickaxe":4,"minecraft:lectern":10,"minecraft:sugar_cane":6,"minecraft:stick":19,"minecraft:oak_door":1,"minecraft:composter":5,"minecraft:oak_fence":13,"minecraft:torch":4,"minecraft:carrot":2,"minecraft:rotten_flesh":16,"minecraft:arrow":7,"minecraft:hay_block":167,"minecraft:mutton":4,"minecraft:cobblestone":35,"minecraft:white_wool":12,"minecraft:oxeye_daisy":4,"minecraft:stripped_oak_log":1,"minecraft:potato":3,"minecraft:birch_planks":1,"minecraft:flint":4,"minecraft:oak_log":381,"minecraft:yellow_bed":2,"minecraft:dirt":581,"minecraft:glass":15,"minecraft:bone":4,"minecraft:apple":3,"minecraft:wheat_seeds":33,"minecraft:rabbit_hide":1,"minecraft:bell":1,"minecraft:iron_ingot":40,"minecraft:rabbit":1,"minecraft:stone_hoe":13,"minecraft:oak_planks":49,"minecraft:oak_slab":18,"minecraft:dandelion":2,"minecraft:gravel":55,"minecraft:sand":114,"minecraft:white_bed":23,"minecraft:barrel":9,"minecraft:iron_hoe":1,"minecraft:bread":233,"minecraft:oak_button":10,"minecraft:oak_sapling":7,"minecraft:coal":19},"minecraft:used":{"minecraft:oak_trapdoor":7,"minecraft:iron_shovel":1261,"minecraft:poppy":1,"minecraft:oak_sign":13,"minecraft:chest":4,"minecraft:iron_sword":8,"minecraft:bell":1,"minecraft:stone_hoe":138,"minecraft:torch":4,"minecraft:dirt":536,"minecraft:hopper":1,"minecraft:iron_hoe":104,"minecraft:glass":98,"minecraft:wooden_axe":27,"minecraft:lava_bucket":5,"minecraft:iron_axe":300,"minecraft:barrel":12,"minecraft:hay_block":4,"minecraft:oak_sapling":4,"minecraft:furnace":3,"minecraft:potato":8,"minecraft:water_bucket":13,"minecraft:stone_pickaxe":1,"minecraft:oak_planks":188,"minecraft:wooden_pickaxe":11,"minecraft:composter":3,"minecraft:fletching_table":2,"minecraft:sugar_cane":6,"minecraft:oak_slab":16,"minecraft:crafting_table":7,"minecraft:white_bed":25,"minecraft:oak_log":3,"minecraft:bread":77,"minecraft:iron_pickaxe":64,"minecraft:oak_button":33,"minecraft:lectern":10,"minecraft:gravel":49,"minecraft:yellow_wool":12,"minecraft:stone_axe":84,"minecraft:cobblestone":2,"minecraft:smithing_table":1,"minecraft:bucket":19,"minecraft:yellow_bed":2,"minecraft:oak_boat":29},"minecraft:broken":{"minecraft:iron_shovel":2,"minecraft:stone_hoe":1},"minecraft:custom":{"minecraft:mob_kills":27,"minecraft:interact_with_crafting_table":39,"minecraft:open_barrel":4,"minecraft:bell_ring":33,"minecraft:leave_game":7,"minecraft:time_since_death":17609,"minecraft:climb_one_cm":813,"minecraft:sprint_one_cm":770560,"minecraft:walk_one_cm":732458,"minecraft:drop":172,"minecraft:talked_to_villager":33,"minecraft:play_time":245322,"minecraft:deaths":3,"minecraft:sneak_time":5191,"minecraft:walk_under_water_one_cm":20088,"minecraft:boat_one_cm":81296,"minecraft:jump":5443,"minecraft:walk_on_water_one_cm":36158,"minecraft:total_world_time":245322,"minecraft:interact_with_furnace":30,"minecraft:traded_with_villager":28,"minecraft:sleep_in_bed":16,"minecraft:time_since_rest":17655,"minecraft:damage_taken":3046,"minecraft:damage_dealt":12338,"minecraft:swim_one_cm":34520,"minecraft:fly_one_cm":1011169,"minecraft:open_chest":36,"minecraft:crouch_one_cm":13701,"minecraft:fall_one_cm":155689},"minecraft:killed_by":{"minecraft:zombie":3},"minecraft:killed":{"minecraft:skeleton":3,"minecraft:zombie_villager":1,"minecraft:iron_golem":10,"minecraft:sheep":1,"minecraft:zombie":10,"minecraft:villager":1},"minecraft:mined":{"minecraft:white_bed":20,"minecraft:dark_oak_leaves":1,"minecraft:brewing_stand":1,"minecraft:grass_block":290,"minecraft:spruce_leaves":1,"minecraft:cartography_table":1,"minecraft:composter":3,"minecraft:oxeye_daisy":2,"minecraft:hay_block":166,"minecraft:oak_trapdoor":2,"minecraft:carrots":1,"minecraft:barrel":9,"minecraft:azure_bluet":19,"minecraft:bell":1,"minecraft:potatoes":3,"minecraft:oak_sign":1,"minecraft:dirt_path":37,"minecraft:stripped_oak_log":1,"minecraft:stone":44,"minecraft:white_wool":12,"minecraft:oak_slab":12,"minecraft:oak_fence":13,"minecraft:torch":1,"minecraft:short_grass":144,"minecraft:lectern":10,"minecraft:glass":6,"minecraft:tall_grass":11,"minecraft:sugar_cane":3,"minecraft:oak_planks":50,"minecraft:yellow_wool":18,"minecraft:wheat":1,"minecraft:yellow_bed":2,"minecraft:oak_log":171,"minecraft:coal_ore":19,"minecraft:gravel":57,"minecraft:sand":114,"minecraft:dirt":220,"minecraft:oak_button":2,"minecraft:oak_leaves":19},"minecraft:dropped":{"minecraft:stone_hoe":25,"minecraft:iron_ingot":3,"minecraft:bread":175,"minecraft:oak_slab":7,"minecraft:wheat_seeds":1,"minecraft:oak_fence":1,"minecraft:cobblestone":1,"minecraft:stick":7,"minecraft:dirt":20,"minecraft:iron_axe":1,"minecraft:iron_pickaxe":1,"minecraft:iron_shovel":2,"minecraft:white_wool":6,"minecraft:dandelion":1,"minecraft:poppy":5,"minecraft:oak_sapling":3,"minecraft:oak_boat":3}},"DataVersion":3953}