{"stats":{"minecraft:broken":{"minecraft:stone_hoe":1},"minecraft:crafted":{"minecraft:oak_slab":18,"minecraft:oak_planks":252,"minecraft:crafting_table":5,"minecraft:wooden_pickaxe":1,"minecraft:furnace":3,"minecraft:bucket":1,"minecraft:stone_axe":1,"minecraft:bread":476,"minecraft:air":0,"minecraft:oak_trapdoor":2,"minecraft:glass":73,"minecraft:oak_boat":1,"minecraft:iron_axe":1,"minecraft:iron_hoe":1,"minecraft:stick":20,"minecraft:iron_pickaxe":1,"minecraft:stone_pickaxe":1,"minecraft:wooden_axe":1,"minecraft:chest":2,"minecraft:iron_shovel":1,"minecraft:composter":2,"minecraft:torch":4,"minecraft:stone_hoe":1,"minecraft:wheat":1431},"minecraft:mined":{"minecraft:oak_slab":6,"minecraft:white_bed":20,"minecraft:dark_oak_leaves":1,"minecraft:oak_fence":13,"minecraft:torch":1,"minecraft:short_grass":22,"minecraft:grass_block":103,"minecraft:tall_grass":7,"minecraft:sugar_cane":3,"minecraft:spruce_leaves":1,"minecraft:composter":1,"minecraft:oak_planks":5,"minecraft:hay_block":165,"minecraft:yellow_wool":18,"minecraft:yellow_bed":2,"minecraft:bell":1,"minecraft:coal_ore":19,"minecraft:oak_log":64,"minecraft:dirt_path":10,"minecraft:gravel":1,"minecraft:sand":114,"minecraft:dirt":32,"minecraft:stone":36,"minecraft:white_wool":12,"minecraft:oak_leaves":3},"minecraft:dropped":{"minecraft:bread":84,"minecraft:oak_fence":1,"minecraft:stick":2,"minecraft:poppy":5,"minecraft:oak_sapling":3,"minecraft:dandelion":1},"minecraft:picked_up":{"minecraft:yellow_wool":18,"minecraft:flint":1,"minecraft:oak_log":63,"minecraft:yellow_bed":2,"minecraft:dirt":144,"minecraft:wheat_seeds":8,"minecraft:bell":1,"minecraft:rabbit_hide":1,"minecraft:iron_ingot":16,"minecraft:oak_boat":6,"minecraft:poppy":7,"minecraft:rabbit":1,"minecraft:sugar_cane":6,"minecraft:oak_planks":5,"minecraft:oak_slab":6,"minecraft:oak_door":1,"minecraft:composter":1,"minecraft:oak_fence":13,"minecraft:torch":2,"minecraft:dandelion":2,"minecraft:sand":114,"minecraft:white_bed":20,"minecraft:rotten_flesh":1,"minecraft:hay_block":165,"minecraft:oak_sapling":5,"minecraft:coal":19,"minecraft:white_wool":12,"minecraft:cobblestone":34},"minecraft:killed":{"minecraft:iron_golem":4,"minecraft:skeleton":1,"minecraft:zombie":1,"minecraft:villager":1},"minecraft:custom":{"minecraft:interact_with_furnace":19,"minecraft:mob_kills":7,"minecraft:interact_with_crafting_table":19,"minecraft:bell_ring":33,"minecraft:leave_game":1,"minecraft:time_since_death":106935,"minecraft:sleep_in_bed":7,"minecraft:climb_one_cm":534,"minecraft:time_since_rest":12563,"minecraft:sprint_one_cm":410812,"minecraft:damage_taken":765,"minecraft:walk_one_cm":257941,"minecraft:drop":89,"minecraft:damage_dealt":4606,"minecraft:talked_to_villager":6,"minecraft:swim_one_cm":24303,"minecraft:fly_one_cm":525119,"minecraft:open_chest":12,"minecraft:crouch_one_cm":3069,"minecraft:play_time":106935,"minecraft:sneak_time":1164,"minecraft:walk_under_water_one_cm":12687,"minecraft:boat_one_cm":6646,"minecraft:jump":2504,"minecraft:walk_on_water_one_cm":26112,"minecraft:total_world_time":106935,"minecraft:fall_one_cm":77791},"minecraft:used":{"minecraft:oak_trapdoor":1,"minecraft:water_bucket":3,"minecraft:iron_shovel":259,"minecraft:stone_pickaxe":1,"minecraft:poppy":1,"minecraft:oak_planks":86,"minecraft:chest":2,"minecraft:wooden_pickaxe":11,"minecraft:composter":3,"minecraft:sugar_cane":6,"minecraft:bell":1,"minecraft:stone_hoe":138,"minecraft:torch":4,"minecraft:dirt":134,"minecraft:oak_slab":6,"minecraft:crafting_table":5,"minecraft:white_bed":18,"minecraft:glass":73,"minecraft:iron_hoe":98,"minecraft:wooden_axe":27,"minecraft:iron_axe":40,"minecraft:bread":33,"minecraft:iron_pickaxe":44,"minecraft:yellow_wool":12,"minecraft:stone_axe":84,"minecraft:cobblestone":1,"minecraft:hay_block":4,"minecraft:furnace":3,"minecraft:oak_sapling":2,"minecraft:bucket":3,"minecraft:yellow_bed":2,"minecraft:oak_boat":7,"minecraft:potato":5}},"DataVersion":3953}