{"stats":{"minecraft:mined":{"minecraft:crafting_table":1,"minecraft:torch":2,"minecraft:granite":19,"minecraft:grass_block":4,"minecraft:cobblestone":10,"minecraft:spruce_leaves":1,"minecraft:diorite":2,"minecraft:large_fern":1,"minecraft:furnace":6,"minecraft:iron_ore":50,"minecraft:fire":7,"minecraft:sweet_berry_bush":19,"minecraft:andesite":5,"minecraft:stone_brick_stairs":8,"minecraft:oak_log":45,"minecraft:coal_ore":50,"minecraft:deepslate_iron_ore":8,"minecraft:gravel":32,"minecraft:dirt":67,"minecraft:stone":277,"minecraft:stone_bricks":12,"minecraft:oak_leaves":4},"minecraft:broken":{"minecraft:stone_pickaxe":2},"minecraft:killed_by":{"minecraft:skeleton":2,"minecraft:spider":1,"minecraft:zombie":2},"minecraft:custom":{"minecraft:interact_with_furnace":163,"minecraft:mob_kills":13,"minecraft:interact_with_crafting_table":47,"minecraft:leave_game":3,"minecraft:time_since_death":36445,"minecraft:sleep_in_bed":3,"minecraft:climb_one_cm":2373,"minecraft:time_since_rest":14086,"minecraft:sprint_one_cm":300828,"minecraft:damage_taken":2546,"minecraft:walk_one_cm":239326,"minecraft:drop":8,"minecraft:damage_dealt":2386,"minecraft:swim_one_cm":8149,"minecraft:fly_one_cm":346111,"minecraft:open_chest":29,"minecraft:crouch_one_cm":8037,"minecraft:play_time":100320,"minecraft:deaths":5,"minecraft:sneak_time":3186,"minecraft:walk_under_water_one_cm":20737,"minecraft:jump":2119,"minecraft:walk_on_water_one_cm":34296,"minecraft:total_world_time":100320,"minecraft:fall_one_cm":59153},"minecraft:used":{"minecraft:cooked_mutton":9,"minecraft:diorite":1,"minecraft:iron_shovel":85,"minecraft:stone_pickaxe":348,"minecraft:oak_planks":3,"minecraft:chest":2,"minecraft:wooden_pickaxe":10,"minecraft:iron_sword":4,"minecraft:stone":24,"minecraft:blue_bed":1,"minecraft:rotten_flesh":6,"minecraft:torch":22,"minecraft:dirt":39,"minecraft:crafting_table":2,"minecraft:oak_log":11,"minecraft:apple":1,"minecraft:chicken":3,"minecraft:iron_axe":53,"minecraft:iron_pickaxe":103,"minecraft:gravel":11,"minecraft:stone_brick_stairs":28,"minecraft:stone_bricks":131,"minecraft:stone_axe":9,"minecraft:cobblestone":26,"minecraft:sweet_berries":41,"minecraft:furnace":12,"minecraft:oak_sapling":5,"minecraft:cooked_porkchop":1,"minecraft:andesite":5,"minecraft:egg":8},"minecraft:dropped":{"minecraft:lapis_lazuli":2,"minecraft:shield":1,"minecraft:iron_chestplate":1,"minecraft:iron_leggings":1,"minecraft:iron_axe":1,"minecraft:wooden_pickaxe":1,"minecraft:stone_pickaxe":2},"minecraft:crafted":{"minecraft:oak_planks":144,"minecraft:cooked_porkchop":1,"minecraft:crafting_table":1,"minecraft:iron_helmet":1,"minecraft:wooden_pickaxe":1,"minecraft:iron_sword":1,"minecraft:furnace":6,"minecraft:blue_bed":1,"minecraft:stone":178,"minecraft:stone_axe":1,"minecraft:cooked_mutton":9,"minecraft:air":0,"minecraft:blue_dye":3,"minecraft:stone_brick_stairs":20,"minecraft:iron_boots":1,"minecraft:iron_chestplate":2,"minecraft:shield":2,"minecraft:iron_axe":1,"minecraft:stick":24,"minecraft:iron_ingot":46,"minecraft:iron_pickaxe":1,"minecraft:stone_pickaxe":4,"minecraft:blue_wool":3,"minecraft:chest":2,"minecraft:iron_shovel":1,"minecraft:iron_leggings":2,"minecraft:torch":16,"minecraft:stone_bricks":152,"minecraft:oak_fence":9},"minecraft:picked_up":{"minecraft:crafting_table":1,"minecraft:feather":10,"minecraft:chicken":6,"minecraft:andesite":5,"minecraft:leather":9,"minecraft:lead":6,"minecraft:wooden_pickaxe":3,"minecraft:flint":17,"minecraft:stone_brick_stairs":12,"minecraft:oak_log":99,"minecraft:shield":2,"minecraft:lapis_lazuli":5,"minecraft:string":1,"minecraft:dirt":187,"minecraft:iron_axe":2,"minecraft:bone":1,"minecraft:iron_shovel":2,"minecraft:apple":2,"minecraft:stone_bricks":56,"minecraft:iron_ingot":7,"minecraft:stone_pickaxe":2,"minecraft:oak_planks":23,"minecraft:egg":13,"minecraft:furnace":6,"minecraft:stick":14,"minecraft:raw_iron":67,"minecraft:stone":3,"minecraft:sweet_berries":68,"minecraft:oak_fence":9,"minecraft:torch":13,"minecraft:gravel":51,"minecraft:porkchop":1,"minecraft:spruce_sapling":3,"minecraft:diorite":2,"minecraft:rotten_flesh":6,"minecraft:stone_axe":2,"minecraft:granite":57,"minecraft:oak_sapling":8,"minecraft:black_wool":2,"minecraft:coal":59,"minecraft:white_wool":2,"minecraft:cobblestone":289},"minecraft:killed":{"minecraft:trader_llama":2,"minecraft:zombie":7,"minecraft:chicken":3}},"DataVersion":3953}