{"stats":{"minecraft:killed_by":{"minecraft:creeper":3,"minecraft:drowned":2,"minecraft:zombie":2,"minecraft:spider":2,"minecraft:iron_golem":2,"minecraft:skeleton":7},"minecraft:custom":{"minecraft:interact_with_crafting_table":143,"minecraft:open_barrel":28,"minecraft:bell_ring":30,"minecraft:leave_game":22,"minecraft:time_since_death":116317,"minecraft:sprint_one_cm":1860835,"minecraft:damage_blocked_by_shield":2340,"minecraft:drop":115,"minecraft:talked_to_villager":111,"minecraft:play_time":792354,"minecraft:deaths":19,"minecraft:jump":11525,"minecraft:walk_on_water_one_cm":128802,"minecraft:interact_with_furnace":249,"minecraft:traded_with_villager":313,"minecraft:sleep_in_bed":37,"minecraft:damage_dealt":29125,"minecraft:player_kills":1,"minecraft:crouch_one_cm":27460,"minecraft:interact_with_smoker":22,"minecraft:horse_one_cm":159198,"minecraft:mob_kills":117,"minecraft:interact_with_anvil":1,"minecraft:inspect_hopper":13,"minecraft:climb_one_cm":6403,"minecraft:walk_one_cm":1765976,"minecraft:sneak_time":10103,"minecraft:walk_under_water_one_cm":75514,"minecraft:boat_one_cm":450786,"minecraft:interact_with_blast_furnace":7,"minecraft:total_world_time":792354,"minecraft:time_since_rest":31591,"minecraft:damage_taken":12151,"minecraft:damage_absorbed":40,"minecraft:minecart_one_cm":558104,"minecraft:swim_one_cm":20684,"minecraft:fly_one_cm":2133161,"minecraft:open_chest":340,"minecraft:fall_one_cm":296482},"minecraft:used":{"minecraft:cherry_sapling":112,"minecraft:iron_shovel":999,"minecraft:poppy":2,"minecraft:oak_sign":3,"minecraft:shield":35,"minecraft:chest":18,"minecraft:stone":24,"minecraft:iron_sword":256,"minecraft:bell":2,"minecraft:rotten_flesh":10,"minecraft:iron_chestplate":4,"minecraft:carrot":1,"minecraft:obsidian":6,"minecraft:lava_bucket":42,"minecraft:iron_helmet":2,"minecraft:cherry_leaves":41,"minecraft:cherry_button":6,"minecraft:stone_brick_stairs":48,"minecraft:stone_bricks":143,"minecraft:sweet_berries":41,"minecraft:oak_sapling":14,"minecraft:furnace":15,"minecraft:egg":20,"minecraft:potato":7,"minecraft:diorite":1,"minecraft:copper_door":3,"minecraft:powered_rail":3,"minecraft:oak_planks":22,"minecraft:stone_pickaxe":348,"minecraft:ender_pearl":1,"minecraft:wooden_pickaxe":10,"minecraft:diamond_axe":10,"minecraft:blue_bed":6,"minecraft:bamboo_stairs":20,"minecraft:white_wool":2,"minecraft:golden_apple":1,"minecraft:glow_berries":16,"minecraft:blast_furnace":2,"minecraft:black_bed":1,"minecraft:shears":86,"minecraft:redstone_torch":1,"minecraft:dark_oak_log":1,"minecraft:bread":34,"minecraft:cherry_sign":6,"minecraft:gravel":63,"minecraft:fire_charge":1,"minecraft:grindstone":1,"minecraft:smithing_table":4,"minecraft:cooked_rabbit":1,"minecraft:andesite":5,"minecraft:stripped_cherry_log":1,"minecraft:oak_boat":30,"minecraft:bone_meal":279,"minecraft:oak_fence":1,"minecraft:oak_trapdoor":2,"minecraft:cherry_wood":58,"minecraft:flint_and_steel":3,"minecraft:stone_shovel":270,"minecraft:bamboo_door":5,"minecraft:cooked_chicken":2,"minecraft:netherrack":16,"minecraft:oak_door":2,"minecraft:torch":24,"minecraft:dirt":767,"minecraft:spyglass":32,"minecraft:anvil":1,"minecraft:hopper":1,"minecraft:iron_hoe":27,"minecraft:stone_brick_slab":62,"minecraft:iron_axe":1163,"minecraft:cherry_slab":5,"minecraft:cherry_trapdoor":4,"minecraft:iron_boots":4,"minecraft:barrel":6,"minecraft:bamboo":108,"minecraft:minecart":1,"minecraft:cooked_beef":24,"minecraft:cherry_log":214,"minecraft:light_gray_bed":4,"minecraft:bamboo_planks":311,"minecraft:iron_leggings":2,"minecraft:cooked_mutton":19,"minecraft:water_bucket":46,"minecraft:dirt_path":1,"minecraft:baked_potato":6,"minecraft:cherry_planks":118,"minecraft:fletching_table":11,"minecraft:mossy_cobblestone":1,"minecraft:rail":6,"minecraft:oak_slab":13,"minecraft:crafting_table":13,"minecraft:bamboo_block":98,"minecraft:white_bed":7,"minecraft:warped_planks":1,"minecraft:smoker":4,"minecraft:oak_log":11,"minecraft:diamond_pickaxe":1,"minecraft:apple":4,"minecraft:cherry_door":1,"minecraft:chicken":5,"minecraft:iron_pickaxe":494,"minecraft:stone_axe":9,"minecraft:pink_petals":13,"minecraft:cobblestone":166,"minecraft:porkchop":5,"minecraft:cooked_porkchop":30,"minecraft:bucket":91},"minecraft:crafted":{"minecraft:oak_planks":352,"minecraft:smooth_stone":5,"minecraft:barrel":3,"minecraft:oak_sign":3,"minecraft:cherry_wood":36,"minecraft:cherry_slab":30,"minecraft:cooked_chicken":2,"minecraft:stone":247,"minecraft:bamboo_door":3,"minecraft:cooked_mutton":9,"minecraft:warped_planks":28,"minecraft:bamboo_block":239,"minecraft:hopper":1,"minecraft:stone_brick_slab":60,"minecraft:iron_boots":13,"minecraft:chest":15,"minecraft:rail":16,"minecraft:oak_fence":9,"minecraft:stone_bricks":216,"minecraft:cooked_rabbit":1,"minecraft:smoker":3,"minecraft:oak_slab":18,"minecraft:emerald":251,"minecraft:cooked_porkchop":24,"minecraft:diamond_axe":1,"minecraft:crafting_table":10,"minecraft:baked_potato":6,"minecraft:wooden_pickaxe":1,"minecraft:iron_helmet":14,"minecraft:cherry_button":6,"minecraft:copper_door":3,"minecraft:smithing_table":3,"minecraft:copper_ingot":54,"minecraft:fletching_table":3,"minecraft:light_gray_bed":3,"minecraft:stone_brick_stairs":36,"minecraft:bamboo_planks":282,"minecraft:iron_chestplate":3,"minecraft:diamond_pickaxe":1,"minecraft:cherry_sign":6,"minecraft:shield":2,"minecraft:stick":2792,"minecraft:iron_pickaxe":3,"minecraft:iron_ingot":94,"minecraft:iron_block":67,"minecraft:black_bed":1,"minecraft:shears":2,"minecraft:cherry_planks":1392,"minecraft:oak_door":3,"minecraft:stone_shovel":12,"minecraft:spyglass":2,"minecraft:furnace":7,"minecraft:blast_furnace":1,"minecraft:bone_meal":591,"minecraft:bamboo_stairs":20,"minecraft:flint_and_steel":1,"minecraft:cherry_trapdoor":2,"minecraft:iron_axe":9,"minecraft:iron_hoe":1,"minecraft:stone_pickaxe":16,"minecraft:minecart":1,"minecraft:wheat":423,"minecraft:cooked_beef":16,"minecraft:red_dye":64,"minecraft:iron_sword":1,"minecraft:bell":1,"minecraft:blue_bed":1,"minecraft:bucket":3,"minecraft:stone_axe":13,"minecraft:bread":142,"minecraft:air":0,"minecraft:blue_dye":3,"minecraft:oak_boat":4,"minecraft:blue_wool":3,"minecraft:iron_shovel":5,"minecraft:cherry_door":3,"minecraft:iron_leggings":3,"minecraft:anvil":1,"minecraft:white_bed":6,"minecraft:torch":16},"minecraft:killed":{"minecraft:witch":1,"minecraft:spider":7,"minecraft:skeleton":21,"minecraft:chicken":6,"minecraft:piglin":2,"minecraft:pig":9,"minecraft:iron_golem":10,"minecraft:creeper":4,"minecraft:sheep":2,"minecraft:trader_llama":7,"minecraft:zombie":26,"minecraft:cow":8,"minecraft:drowned":2,"minecraft:wandering_trader":3,"minecraft:villager":1,"minecraft:enderman":2},"minecraft:broken":{"minecraft:iron_shovel":3,"minecraft:stone_pickaxe":2,"minecraft:iron_sword":1,"minecraft:shield":1,"minecraft:iron_axe":4,"minecraft:iron_pickaxe":1,"minecraft:iron_helmet":1},"minecraft:mined":{"minecraft:large_amethyst_bud":1,"minecraft:white_bed":1,"minecraft:cherry_log":169,"minecraft:cherry_trapdoor":4,"minecraft:cave_vines_plant":10,"minecraft:granite":20,"minecraft:budding_amethyst":2,"minecraft:grass_block":418,"minecraft:light_gray_bed":1,"minecraft:bamboo_block":98,"minecraft:tall_seagrass":2,"minecraft:iron_ore":58,"minecraft:fire":17,"minecraft:barrel":4,"minecraft:moss_carpet":1,"minecraft:fletching_table":7,"minecraft:azure_bluet":2,"minecraft:cave_vines":29,"minecraft:flowering_azalea_leaves":1,"minecraft:dirt_path":49,"minecraft:small_amethyst_bud":1,"minecraft:azalea":2,"minecraft:smoker":1,"minecraft:medium_amethyst_bud":1,"minecraft:amethyst_cluster":1,"minecraft:clay":1,"minecraft:torch":3,"minecraft:blast_furnace":1,"minecraft:chest":3,"minecraft:cobblestone":32,"minecraft:grindstone":1,"minecraft:oak_planks":5,"minecraft:wall_torch":2,"minecraft:amethyst_block":7,"minecraft:cherry_slab":2,"minecraft:pink_petals":7,"minecraft:warped_nylium":29,"minecraft:powered_rail":1,"minecraft:bamboo_planks":248,"minecraft:warped_planks":1,"minecraft:cherry_door":1,"minecraft:stone_brick_stairs":13,"minecraft:oak_log":75,"minecraft:dirt":216,"minecraft:netherrack":16,"minecraft:oak_leaves":61,"minecraft:mossy_cobblestone":2,"minecraft:oak_door":2,"minecraft:cherry_sapling":15,"minecraft:stripped_cherry_log":3,"minecraft:dark_oak_log":1,"minecraft:bamboo_door":5,"minecraft:cherry_wood":32,"minecraft:spruce_leaves":1,"minecraft:moss_block":8,"minecraft:large_fern":1,"minecraft:hay_block":42,"minecraft:furnace":13,"minecraft:andesite":5,"minecraft:bell":1,"minecraft:deepslate_iron_ore":8,"minecraft:warped_stem":7,"minecraft:bamboo_sapling":1,"minecraft:bamboo":269,"minecraft:stone":485,"minecraft:white_wool":1,"minecraft:podzol":3,"minecraft:smithing_table":1,"minecraft:oak_slab":1,"minecraft:flowering_azalea":1,"minecraft:cherry_planks":61,"minecraft:stone_brick_slab":1,"minecraft:dandelion":5,"minecraft:crafting_table":4,"minecraft:short_grass":197,"minecraft:emerald_ore":1,"minecraft:warped_roots":2,"minecraft:tall_grass":29,"minecraft:copper_ore":15,"minecraft:diorite":2,"minecraft:blue_bed":3,"minecraft:sweet_berry_bush":19,"minecraft:birch_leaves":7,"minecraft:coal_ore":80,"minecraft:cherry_leaves":127,"minecraft:gravel":90,"minecraft:cobweb":1,"minecraft:stone_bricks":12,"minecraft:gold_ore":4,"minecraft:fern":1},"minecraft:picked_up":{"minecraft:iron_chestplate":16,"minecraft:wheat":3,"minecraft:smithing_table":1,"minecraft:lead":15,"minecraft:potion":1,"minecraft:stone_brick_stairs":17,"minecraft:amethyst_block":21,"minecraft:raw_copper":54,"minecraft:string":13,"minecraft:iron_leggings":11,"minecraft:bucket":2,"minecraft:azalea":10,"minecraft:iron_pickaxe":6,"minecraft:iron_boots":14,"minecraft:furnace":15,"minecraft:tipped_arrow":1,"minecraft:stick":263,"minecraft:oak_fence":17,"minecraft:torch":30,"minecraft:porkchop":29,"minecraft:cherry_log":781,"minecraft:warped_planks":1,"minecraft:diorite":3,"minecraft:bamboo_door":8,"minecraft:dirt_path":1,"minecraft:bamboo_block":383,"minecraft:rotten_flesh":37,"minecraft:light_gray_bed":1,"minecraft:cobblestone":556,"minecraft:nautilus_shell":3,"minecraft:pink_petals":16,"minecraft:feather":14,"minecraft:cooked_beef":10,"minecraft:cherry_planks":96,"minecraft:cherry_leaves":152,"minecraft:water_bucket":1,"minecraft:andesite":5,"minecraft:golden_leggings":1,"minecraft:smoker":1,"minecraft:flint":31,"minecraft:cherry_door":1,"minecraft:lapis_lazuli":7,"minecraft:dirt":1364,"minecraft:name_tag":1,"minecraft:bone":52,"minecraft:bow":1,"minecraft:wheat_seeds":96,"minecraft:raw_gold":8,"minecraft:bell":2,"minecraft:grindstone":2,"minecraft:glowstone_dust":1,"minecraft:fletching_table":10,"minecraft:bamboo":2341,"minecraft:powered_rail":1,"minecraft:moss_block":24,"minecraft:oak_planks":111,"minecraft:cooked_porkchop":19,"minecraft:ink_sac":4,"minecraft:dark_oak_log":3,"minecraft:barrel":3,"minecraft:mossy_cobblestone":1,"minecraft:diamond":2,"minecraft:cherry_wood":73,"minecraft:granite":77,"minecraft:bone_meal":462,"minecraft:golden_apple":1,"minecraft:emerald":27,"minecraft:bread":107,"minecraft:oak_sapling":39,"minecraft:cherry_slab":8,"minecraft:netherrack":44,"minecraft:crafting_table":10,"minecraft:azure_bluet":7,"minecraft:chicken":9,"minecraft:clay_ball":24,"minecraft:wooden_pickaxe":4,"minecraft:stripped_cherry_log":2,"minecraft:chain":1,"minecraft:shield":5,"minecraft:cornflower":1,"minecraft:oak_trapdoor":2,"minecraft:moss_carpet":18,"minecraft:iron_axe":17,"minecraft:flint_and_steel":2,"minecraft:iron_shovel":9,"minecraft:beef":16,"minecraft:oak_boat":31,"minecraft:poppy":130,"minecraft:light_gray_wool":12,"minecraft:chest":4,"minecraft:birch_sapling":2,"minecraft:cherry_trapdoor":6,"minecraft:egg":25,"minecraft:raw_iron":76,"minecraft:stone":3,"minecraft:oak_door":4,"minecraft:carrot":1,"minecraft:redstone":7,"minecraft:arrow":49,"minecraft:shears":2,"minecraft:hay_block":48,"minecraft:glow_berries":16,"minecraft:rail":2,"minecraft:white_wool":38,"minecraft:leather":34,"minecraft:oak_log":164,"minecraft:lily_pad":15,"minecraft:gunpowder":7,"minecraft:blue_bed":5,"minecraft:cooked_mutton":10,"minecraft:apple":5,"minecraft:stone_bricks":61,"minecraft:warped_stem":7,"minecraft:iron_ingot":242,"minecraft:stone_pickaxe":3,"minecraft:glass_bottle":1,"minecraft:flowering_azalea":10,"minecraft:iron_sword":10,"minecraft:oak_slab":1,"minecraft:bamboo_planks":811,"minecraft:sweet_berries":68,"minecraft:stone_brick_slab":2,"minecraft:dandelion":33,"minecraft:spyglass":1,"minecraft:gravel":121,"minecraft:lava_bucket":3,"minecraft:amethyst_shard":12,"minecraft:spruce_sapling":4,"minecraft:blast_furnace":1,"minecraft:white_bed":4,"minecraft:spider_eye":3,"minecraft:stone_axe":3,"minecraft:short_grass":8,"minecraft:iron_helmet":11,"minecraft:cherry_sapling":436,"minecraft:warped_roots":3,"minecraft:black_wool":11,"minecraft:coal":110,"minecraft:ender_pearl":3},"minecraft:dropped":{"minecraft:lapis_lazuli":2,"minecraft:cooked_porkchop":2,"minecraft:dirt":7,"minecraft:bone":1,"minecraft:spyglass":1,"minecraft:white_bed":1,"minecraft:poppy":225,"minecraft:bread":81,"minecraft:wheat_seeds":1,"minecraft:cobblestone":2,"minecraft:ink_sac":1,"minecraft:iron_leggings":1,"minecraft:iron_axe":2,"minecraft:iron_boots":1,"minecraft:shield":1,"minecraft:iron_chestplate":1,"minecraft:golden_leggings":1,"minecraft:spider_eye":1,"minecraft:stone_pickaxe":2,"minecraft:wooden_pickaxe":1}},"DataVersion":3953}