{"stats":{"minecraft:mined":{"minecraft:crafting_table":1,"minecraft:granite":19,"minecraft:grass_block":4,"minecraft:cobblestone":10,"minecraft:spruce_leaves":1,"minecraft:diorite":1,"minecraft:large_fern":1,"minecraft:furnace":6,"minecraft:iron_ore":5,"minecraft:fire":7,"minecraft:sweet_berry_bush":19,"minecraft:andesite":5,"minecraft:stone_brick_stairs":7,"minecraft:oak_log":44,"minecraft:coal_ore":26,"minecraft:gravel":28,"minecraft:dirt":64,"minecraft:stone":239,"minecraft:stone_bricks":12,"minecraft:oak_leaves":4},"minecraft:broken":{"minecraft:stone_pickaxe":2},"minecraft:killed_by":{"minecraft:skeleton":2,"minecraft:spider":1,"minecraft:zombie":2},"minecraft:used":{"minecraft:diorite":1,"minecraft:iron_shovel":79,"minecraft:stone_pickaxe":325,"minecraft:wooden_pickaxe":6,"minecraft:stone":24,"minecraft:dirt":32,"minecraft:crafting_table":2,"minecraft:oak_log":11,"minecraft:apple":1,"minecraft:chicken":3,"minecraft:iron_axe":48,"minecraft:gravel":11,"minecraft:stone_brick_stairs":15,"minecraft:stone_bricks":131,"minecraft:stone_axe":7,"minecraft:cobblestone":10,"minecraft:sweet_berries":41,"minecraft:furnace":12,"minecraft:oak_sapling":5,"minecraft:andesite":5,"minecraft:egg":8},"minecraft:custom":{"minecraft:interact_with_furnace":86,"minecraft:mob_kills":5,"minecraft:interact_with_crafting_table":24,"minecraft:leave_game":3,"minecraft:time_since_death":445,"minecraft:climb_one_cm":2277,"minecraft:time_since_rest":471,"minecraft:sprint_one_cm":192736,"minecraft:damage_taken":1638,"minecraft:walk_one_cm":143889,"minecraft:damage_dealt":1091,"minecraft:swim_one_cm":3954,"minecraft:fly_one_cm":197185,"minecraft:crouch_one_cm":4039,"minecraft:play_time":64320,"minecraft:deaths":5,"minecraft:sneak_time":1887,"minecraft:walk_under_water_one_cm":18010,"minecraft:jump":1274,"minecraft:walk_on_water_one_cm":27338,"minecraft:total_world_time":64320,"minecraft:fall_one_cm":32852},"minecraft:crafted":{"minecraft:oak_planks":40,"minecraft:crafting_table":1,"minecraft:wooden_pickaxe":1,"minecraft:furnace":6,"minecraft:stone":178,"minecraft:stone_axe":1,"minecraft:air":0,"minecraft:stone_brick_stairs":8,"minecraft:shield":1,"minecraft:iron_axe":1,"minecraft:stick":20,"minecraft:iron_ingot":5,"minecraft:stone_pickaxe":3,"minecraft:iron_shovel":1,"minecraft:stone_bricks":152,"minecraft:oak_fence":9},"minecraft:picked_up":{"minecraft:crafting_table":1,"minecraft:feather":10,"minecraft:chicken":6,"minecraft:andesite":5,"minecraft:leather":6,"minecraft:lead":4,"minecraft:wooden_pickaxe":1,"minecraft:flint":11,"minecraft:stone_brick_stairs":11,"minecraft:oak_log":73,"minecraft:shield":1,"minecraft:dirt":147,"minecraft:iron_axe":1,"minecraft:iron_shovel":1,"minecraft:apple":2,"minecraft:stone_bricks":35,"minecraft:stone_pickaxe":1,"minecraft:oak_planks":19,"minecraft:egg":13,"minecraft:furnace":6,"minecraft:stick":6,"minecraft:raw_iron":5,"minecraft:stone":3,"minecraft:sweet_berries":68,"minecraft:gravel":37,"minecraft:spruce_sapling":2,"minecraft:diorite":1,"minecraft:stone_axe":1,"minecraft:granite":38,"minecraft:oak_sapling":7,"minecraft:coal":32,"minecraft:cobblestone":249},"minecraft:killed":{"minecraft:trader_llama":2,"minecraft:chicken":3}},"DataVersion":3953}