{"stats":{"minecraft:crafted":{"minecraft:oak_planks":24,"minecraft:crafting_table":3,"minecraft:stick":8,"minecraft:wooden_pickaxe":1,"minecraft:wooden_axe":1,"minecraft:stone_hoe":1,"minecraft:bread":288,"minecraft:wheat":864},"minecraft:dropped":{"minecraft:oak_sapling":3,"minecraft:oak_fence":1,"minecraft:stick":2},"minecraft:mined":{"minecraft:hay_block":108,"minecraft:white_bed":5,"minecraft:dark_oak_leaves":1,"minecraft:yellow_wool":9,"minecraft:yellow_bed":2,"minecraft:oak_fence":1,"minecraft:short_grass":10,"minecraft:grass_block":3,"minecraft:oak_log":7,"minecraft:dirt":1,"minecraft:spruce_leaves":1,"minecraft:stone":5,"minecraft:composter":1,"minecraft:white_wool":9},"minecraft:picked_up":{"minecraft:composter":1,"minecraft:yellow_wool":9,"minecraft:oak_fence":1,"minecraft:oak_log":6,"minecraft:white_bed":5,"minecraft:yellow_bed":2,"minecraft:dirt":4,"minecraft:wheat_seeds":1,"minecraft:hay_block":108,"minecraft:oak_sapling":3,"minecraft:cobblestone":3,"minecraft:white_wool":9},"minecraft:custom":{"minecraft:time_since_rest":2232,"minecraft:sprint_one_cm":235604,"minecraft:damage_taken":390,"minecraft:walk_one_cm":85950,"minecraft:drop":3,"minecraft:damage_dealt":6,"minecraft:swim_one_cm":15497,"minecraft:interact_with_crafting_table":5,"minecraft:fly_one_cm":376696,"minecraft:open_chest":2,"minecraft:crouch_one_cm":515,"minecraft:play_time":52935,"minecraft:sneak_time":184,"minecraft:walk_under_water_one_cm":5712,"minecraft:jump":1519,"minecraft:leave_game":1,"minecraft:time_since_death":52935,"minecraft:walk_on_water_one_cm":11307,"minecraft:sleep_in_bed":4,"minecraft:total_world_time":52935,"minecraft:fall_one_cm":48014},"minecraft:used":{"minecraft:wooden_axe":9,"minecraft:bread":17,"minecraft:wooden_pickaxe":5,"minecraft:composter":1,"minecraft:stone_hoe":110,"minecraft:dirt":4,"minecraft:cobblestone":1,"minecraft:hay_block":1,"minecraft:crafting_table":3,"minecraft:white_bed":3}},"DataVersion":3953}