{"stats":{"minecraft:broken":{"minecraft:stone_pickaxe":2,"minecraft:iron_pickaxe":1},"minecraft:mined":{"minecraft:large_amethyst_bud":1,"minecraft:white_bed":1,"minecraft:oak_door":1,"minecraft:dark_oak_log":1,"minecraft:budding_amethyst":2,"minecraft:cave_vines_plant":10,"minecraft:granite":20,"minecraft:grass_block":7,"minecraft:spruce_leaves":1,"minecraft:moss_block":8,"minecraft:large_fern":1,"minecraft:furnace":9,"minecraft:iron_ore":58,"minecraft:fire":7,"minecraft:andesite":5,"minecraft:moss_carpet":1,"minecraft:flowering_azalea_leaves":1,"minecraft:cave_vines":29,"minecraft:deepslate_iron_ore":8,"minecraft:small_amethyst_bud":1,"minecraft:azalea":2,"minecraft:stone":397,"minecraft:podzol":3,"minecraft:flowering_azalea":1,"minecraft:medium_amethyst_bud":1,"minecraft:smoker":1,"minecraft:amethyst_cluster":1,"minecraft:stone_brick_slab":1,"minecraft:clay":1,"minecraft:crafting_table":2,"minecraft:torch":2,"minecraft:short_grass":3,"minecraft:emerald_ore":1,"minecraft:tall_grass":3,"minecraft:cobblestone":13,"minecraft:oak_planks":4,"minecraft:diorite":2,"minecraft:blue_bed":3,"minecraft:amethyst_block":7,"minecraft:sweet_berry_bush":19,"minecraft:birch_leaves":6,"minecraft:stone_brick_stairs":13,"minecraft:coal_ore":80,"minecraft:oak_log":49,"minecraft:dirt":78,"minecraft:gravel":32,"minecraft:cobweb":1,"minecraft:stone_bricks":12,"minecraft:gold_ore":4,"minecraft:oak_leaves":5,"minecraft:fern":1},"minecraft:killed_by":{"minecraft:creeper":1,"minecraft:spider":1,"minecraft:skeleton":2,"minecraft:zombie":2},"minecraft:custom":{"minecraft:mob_kills":37,"minecraft:interact_with_crafting_table":60,"minecraft:leave_game":3,"minecraft:time_since_death":90393,"minecraft:climb_one_cm":3115,"minecraft:sprint_one_cm":521339,"minecraft:walk_one_cm":468981,"minecraft:damage_blocked_by_shield":730,"minecraft:drop":14,"minecraft:play_time":214320,"minecraft:deaths":6,"minecraft:sneak_time":5744,"minecraft:walk_under_water_one_cm":33382,"minecraft:boat_one_cm":319827,"minecraft:jump":3851,"minecraft:walk_on_water_one_cm":81979,"minecraft:total_world_time":214320,"minecraft:interact_with_furnace":224,"minecraft:sleep_in_bed":8,"minecraft:time_since_rest":35414,"minecraft:damage_taken":4092,"minecraft:damage_dealt":5577,"minecraft:fly_one_cm":594674,"minecraft:swim_one_cm":11007,"minecraft:open_chest":65,"minecraft:crouch_one_cm":15605,"minecraft:interact_with_smoker":9,"minecraft:fall_one_cm":98821},"minecraft:used":{"minecraft:oak_fence":1,"minecraft:iron_shovel":86,"minecraft:flint_and_steel":1,"minecraft:chest":4,"minecraft:shield":14,"minecraft:stone":24,"minecraft:iron_sword":78,"minecraft:cooked_chicken":1,"minecraft:rotten_flesh":6,"minecraft:oak_door":2,"minecraft:torch":22,"minecraft:dirt":49,"minecraft:carrot":1,"minecraft:stone_brick_slab":62,"minecraft:lava_bucket":10,"minecraft:iron_axe":69,"minecraft:stone_brick_stairs":48,"minecraft:stone_bricks":143,"minecraft:sweet_berries":41,"minecraft:oak_sapling":5,"minecraft:furnace":12,"minecraft:egg":10,"minecraft:cooked_beef":9,"minecraft:cooked_mutton":12,"minecraft:water_bucket":10,"minecraft:diorite":1,"minecraft:stone_pickaxe":348,"minecraft:oak_planks":10,"minecraft:wooden_pickaxe":10,"minecraft:blue_bed":5,"minecraft:glow_berries":12,"minecraft:crafting_table":4,"minecraft:white_bed":2,"minecraft:smoker":1,"minecraft:oak_log":11,"minecraft:apple":1,"minecraft:chicken":5,"minecraft:bread":1,"minecraft:iron_pickaxe":307,"minecraft:gravel":11,"minecraft:stone_axe":9,"minecraft:cobblestone":98,"minecraft:cooked_porkchop":3,"minecraft:bucket":20,"minecraft:andesite":5,"minecraft:oak_boat":8},"minecraft:dropped":{"minecraft:lapis_lazuli":2,"minecraft:cooked_porkchop":2,"minecraft:cobblestone":2,"minecraft:iron_leggings":1,"minecraft:iron_axe":1,"minecraft:bone":1,"minecraft:white_bed":1,"minecraft:shield":1,"minecraft:iron_chestplate":1,"minecraft:stone_pickaxe":2,"minecraft:wooden_pickaxe":1},"minecraft:crafted":{"minecraft:oak_door":3,"minecraft:oak_planks":144,"minecraft:cooked_chicken":1,"minecraft:furnace":6,"minecraft:stone":242,"minecraft:bone_meal":15,"minecraft:cooked_mutton":9,"minecraft:flint_and_steel":1,"minecraft:stone_brick_slab":60,"minecraft:iron_boots":1,"minecraft:iron_axe":2,"minecraft:stone_pickaxe":4,"minecraft:chest":3,"minecraft:stone_bricks":216,"minecraft:oak_fence":9,"minecraft:smoker":1,"minecraft:cooked_beef":8,"minecraft:cooked_porkchop":5,"minecraft:crafting_table":2,"minecraft:wooden_pickaxe":1,"minecraft:iron_helmet":1,"minecraft:iron_sword":1,"minecraft:blue_bed":1,"minecraft:stone_axe":1,"minecraft:air":0,"minecraft:blue_dye":3,"minecraft:oak_boat":1,"minecraft:stone_brick_stairs":36,"minecraft:iron_chestplate":2,"minecraft:shield":2,"minecraft:stick":24,"minecraft:iron_ingot":91,"minecraft:iron_pickaxe":2,"minecraft:blue_wool":3,"minecraft:iron_shovel":1,"minecraft:iron_leggings":2,"minecraft:torch":16},"minecraft:picked_up":{"minecraft:iron_chestplate":1,"minecraft:crafting_table":3,"minecraft:chicken":8,"minecraft:clay_ball":4,"minecraft:lead":7,"minecraft:wooden_pickaxe":4,"minecraft:stone_brick_stairs":17,"minecraft:chain":1,"minecraft:shield":3,"minecraft:amethyst_block":7,"minecraft:moss_carpet":9,"minecraft:string":5,"minecraft:iron_axe":3,"minecraft:iron_leggings":1,"minecraft:iron_shovel":3,"minecraft:beef":16,"minecraft:oak_boat":7,"minecraft:azalea":5,"minecraft:iron_pickaxe":1,"minecraft:chest":1,"minecraft:birch_sapling":2,"minecraft:iron_boots":1,"minecraft:furnace":9,"minecraft:egg":15,"minecraft:tipped_arrow":1,"minecraft:raw_iron":76,"minecraft:stick":15,"minecraft:stone":3,"minecraft:oak_door":3,"minecraft:oak_fence":17,"minecraft:torch":20,"minecraft:porkchop":5,"minecraft:diorite":3,"minecraft:carrot":1,"minecraft:arrow":12,"minecraft:rotten_flesh":12,"minecraft:glow_berries":16,"minecraft:rail":2,"minecraft:cobblestone":437,"minecraft:white_wool":2,"minecraft:feather":13,"minecraft:cooked_beef":7,"minecraft:water_bucket":1,"minecraft:andesite":5,"minecraft:leather":22,"minecraft:smoker":1,"minecraft:flint":24,"minecraft:oak_log":103,"minecraft:lily_pad":15,"minecraft:blue_bed":5,"minecraft:lapis_lazuli":7,"minecraft:dirt":235,"minecraft:name_tag":1,"minecraft:cooked_mutton":3,"minecraft:bone":7,"minecraft:apple":2,"minecraft:stone_bricks":59,"minecraft:wheat_seeds":2,"minecraft:raw_gold":8,"minecraft:iron_ingot":52,"minecraft:stone_pickaxe":3,"minecraft:moss_block":8,"minecraft:flowering_azalea":5,"minecraft:iron_sword":1,"minecraft:oak_planks":82,"minecraft:cooked_porkchop":4,"minecraft:sweet_berries":68,"minecraft:stone_brick_slab":2,"minecraft:gravel":66,"minecraft:amethyst_shard":4,"minecraft:spruce_sapling":4,"minecraft:white_bed":3,"minecraft:dark_oak_log":1,"minecraft:diamond":2,"minecraft:stone_axe":3,"minecraft:iron_helmet":1,"minecraft:granite":77,"minecraft:bone_meal":15,"minecraft:emerald":1,"minecraft:bread":1,"minecraft:oak_sapling":9,"minecraft:black_wool":3,"minecraft:coal":90},"minecraft:killed":{"minecraft:spider":2,"minecraft:skeleton":4,"minecraft:chicken":5,"minecraft:pig":2,"minecraft:trader_llama":2,"minecraft:zombie":13,"minecraft:cow":8}},"DataVersion":3953}