{"stats":{"minecraft:used":{"minecraft:iron_shovel":79,"minecraft:stone_pickaxe":317,"minecraft:wooden_pickaxe":6,"minecraft:stone":23,"minecraft:dirt":10,"minecraft:crafting_table":2,"minecraft:oak_log":3,"minecraft:apple":1,"minecraft:iron_axe":47,"minecraft:gravel":5,"minecraft:stone_brick_stairs":8,"minecraft:stone_bricks":130,"minecraft:stone_axe":5,"minecraft:cobblestone":10,"minecraft:sweet_berries":27,"minecraft:oak_sapling":5,"minecraft:furnace":12,"minecraft:andesite":5,"minecraft:egg":1},"minecraft:picked_up":{"minecraft:crafting_table":1,"minecraft:feather":10,"minecraft:chicken":6,"minecraft:andesite":5,"minecraft:leather":6,"minecraft:lead":4,"minecraft:wooden_pickaxe":1,"minecraft:flint":11,"minecraft:stone_brick_stairs":10,"minecraft:oak_log":71,"minecraft:shield":1,"minecraft:dirt":147,"minecraft:iron_axe":1,"minecraft:iron_shovel":1,"minecraft:apple":2,"minecraft:stone_bricks":30,"minecraft:stone_pickaxe":1,"minecraft:oak_planks":19,"minecraft:furnace":6,"minecraft:egg":12,"minecraft:stick":6,"minecraft:raw_iron":5,"minecraft:stone":3,"minecraft:sweet_berries":68,"minecraft:gravel":37,"minecraft:spruce_sapling":2,"minecraft:stone_axe":1,"minecraft:granite":38,"minecraft:oak_sapling":7,"minecraft:coal":32,"minecraft:cobblestone":248},"minecraft:killed":{"minecraft:trader_llama":2,"minecraft:chicken":3},"minecraft:custom":{"minecraft:interact_with_furnace":85,"minecraft:mob_kills":5,"minecraft:interact_with_crafting_table":22,"minecraft:leave_game":3,"minecraft:time_since_death":3646,"minecraft:climb_one_cm":723,"minecraft:time_since_rest":3677,"minecraft:sprint_one_cm":125045,"minecraft:damage_taken":1078,"minecraft:walk_one_cm":119671,"minecraft:damage_dealt":958,"minecraft:fly_one_cm":105078,"minecraft:swim_one_cm":2605,"minecraft:crouch_one_cm":2229,"minecraft:play_time":48658,"minecraft:deaths":3,"minecraft:sneak_time":1138,"minecraft:walk_under_water_one_cm":14862,"minecraft:jump":840,"minecraft:walk_on_water_one_cm":7118,"minecraft:total_world_time":48658,"minecraft:fall_one_cm":22118},"minecraft:mined":{"minecraft:crafting_table":1,"minecraft:granite":19,"minecraft:grass_block":4,"minecraft:cobblestone":10,"minecraft:spruce_leaves":1,"minecraft:large_fern":1,"minecraft:furnace":6,"minecraft:iron_ore":5,"minecraft:fire":7,"minecraft:sweet_berry_bush":19,"minecraft:andesite":5,"minecraft:stone_brick_stairs":6,"minecraft:oak_log":42,"minecraft:coal_ore":26,"minecraft:gravel":28,"minecraft:dirt":64,"minecraft:stone":238,"minecraft:stone_bricks":7,"minecraft:oak_leaves":4},"minecraft:killed_by":{"minecraft:skeleton":1,"minecraft:spider":1,"minecraft:zombie":1},"minecraft:crafted":{"minecraft:oak_planks":40,"minecraft:crafting_table":1,"minecraft:wooden_pickaxe":1,"minecraft:furnace":6,"minecraft:stone":178,"minecraft:stone_axe":1,"minecraft:air":0,"minecraft:stone_brick_stairs":4,"minecraft:shield":1,"minecraft:iron_axe":1,"minecraft:stick":20,"minecraft:iron_ingot":5,"minecraft:stone_pickaxe":3,"minecraft:iron_shovel":1,"minecraft:stone_bricks":152,"minecraft:oak_fence":9},"minecraft:broken":{"minecraft:stone_pickaxe":2}},"DataVersion":3953}