{"stats":{"minecraft:crafted":{"minecraft:oak_planks":788,"minecraft:oak_sign":15,"minecraft:barrel":3,"minecraft:oak_pressure_plate":64,"minecraft:furnace":3,"minecraft:yellow_bed":2,"minecraft:oak_trapdoor":6,"minecraft:hopper":1,"minecraft:glass":113,"minecraft:iron_boots":1,"minecraft:iron_axe":3,"minecraft:iron_hoe":2,"minecraft:stone_pickaxe":1,"minecraft:chest":5,"minecraft:oak_button":28,"minecraft:stone_hoe":13,"minecraft:wheat":1431,"minecraft:oak_slab":30,"minecraft:emerald":44,"minecraft:crafting_table":8,"minecraft:wooden_pickaxe":1,"minecraft:iron_helmet":2,"minecraft:iron_sword":1,"minecraft:smithing_table":1,"minecraft:fletching_table":2,"minecraft:bucket":2,"minecraft:stone_axe":1,"minecraft:bread":476,"minecraft:air":0,"minecraft:oak_boat":3,"minecraft:diamond_pickaxe":1,"minecraft:iron_chestplate":1,"minecraft:shield":1,"minecraft:stick":560,"minecraft:iron_ingot":5,"minecraft:iron_pickaxe":1,"minecraft:wooden_axe":1,"minecraft:iron_leggings":1,"minecraft:iron_shovel":7,"minecraft:white_bed":2,"minecraft:composter":2,"minecraft:torch":8,"minecraft:shears":1},"minecraft:picked_up":{"minecraft:azure_bluet":43,"minecraft:yellow_wool":24,"minecraft:wooden_pickaxe":1,"minecraft:diamond_horse_armor":1,"minecraft:brewing_stand":2,"minecraft:string":1,"minecraft:oak_trapdoor":2,"minecraft:iron_axe":3,"minecraft:iron_shovel":3,"minecraft:oak_sign":3,"minecraft:cobbled_deepslate":9,"minecraft:cartography_table":2,"minecraft:bucket":1,"minecraft:oak_boat":31,"minecraft:poppy":19,"minecraft:iron_pickaxe":4,"minecraft:lectern":29,"minecraft:sugar_cane":6,"minecraft:raw_iron":1,"minecraft:stick":19,"minecraft:oak_door":1,"minecraft:composter":5,"minecraft:oak_fence":13,"minecraft:torch":31,"minecraft:carrot":2,"minecraft:redstone":1,"minecraft:rotten_flesh":31,"minecraft:arrow":11,"minecraft:hay_block":167,"minecraft:mutton":4,"minecraft:cobblestone":43,"minecraft:white_wool":18,"minecraft:oxeye_daisy":5,"minecraft:stripped_oak_log":1,"minecraft:glow_ink_sac":5,"minecraft:potato":17,"minecraft:birch_planks":1,"minecraft:flint":4,"minecraft:oak_log":433,"minecraft:yellow_bed":2,"minecraft:dirt":611,"minecraft:glass":15,"minecraft:bone":15,"minecraft:apple":3,"minecraft:bow":1,"minecraft:wheat_seeds":36,"minecraft:rabbit_hide":1,"minecraft:bell":1,"minecraft:iron_ingot":40,"minecraft:rabbit":2,"minecraft:stone_hoe":13,"minecraft:oak_planks":49,"minecraft:oak_slab":20,"minecraft:dandelion":3,"minecraft:gravel":57,"minecraft:sand":114,"minecraft:white_bed":23,"minecraft:barrel":9,"minecraft:iron_hoe":1,"minecraft:diamond":1,"minecraft:short_grass":1,"minecraft:bread":238,"minecraft:oak_button":10,"minecraft:oak_sapling":7,"minecraft:coal":20,"minecraft:diamond_pickaxe":3},"minecraft:used":{"minecraft:oak_trapdoor":7,"minecraft:iron_shovel":1265,"minecraft:poppy":1,"minecraft:oak_sign":13,"minecraft:shield":15,"minecraft:chest":4,"minecraft:iron_sword":78,"minecraft:bell":1,"minecraft:stone_hoe":138,"minecraft:torch":37,"minecraft:dirt":562,"minecraft:hopper":1,"minecraft:iron_hoe":200,"minecraft:glass":98,"minecraft:wooden_axe":27,"minecraft:lava_bucket":5,"minecraft:iron_axe":372,"minecraft:iron_helmet":1,"minecraft:barrel":12,"minecraft:hay_block":4,"minecraft:oak_sapling":4,"minecraft:furnace":3,"minecraft:potato":16,"minecraft:cobbled_deepslate":9,"minecraft:iron_leggings":1,"minecraft:short_grass":1,"minecraft:water_bucket":18,"minecraft:stone_pickaxe":1,"minecraft:oak_planks":190,"minecraft:wooden_pickaxe":11,"minecraft:composter":3,"minecraft:fletching_table":2,"minecraft:sugar_cane":6,"minecraft:oak_slab":21,"minecraft:crafting_table":8,"minecraft:white_bed":25,"minecraft:shears":13,"minecraft:oak_log":3,"minecraft:string":1,"minecraft:bread":112,"minecraft:iron_pickaxe":75,"minecraft:oak_button":34,"minecraft:lectern":29,"minecraft:gravel":49,"minecraft:yellow_wool":12,"minecraft:stone_axe":84,"minecraft:cobblestone":10,"minecraft:smithing_table":1,"minecraft:bucket":24,"minecraft:yellow_bed":3,"minecraft:oak_boat":29},"minecraft:broken":{"minecraft:iron_shovel":2,"minecraft:stone_hoe":1},"minecraft:custom":{"minecraft:mob_kills":47,"minecraft:inspect_hopper":1,"minecraft:interact_with_crafting_table":48,"minecraft:open_barrel":4,"minecraft:bell_ring":33,"minecraft:leave_game":7,"minecraft:time_since_death":83609,"minecraft:climb_one_cm":1117,"minecraft:sprint_one_cm":981645,"minecraft:damage_blocked_by_shield":750,"minecraft:walk_one_cm":922256,"minecraft:drop":205,"minecraft:talked_to_villager":81,"minecraft:play_time":311322,"minecraft:deaths":3,"minecraft:sneak_time":7336,"minecraft:walk_under_water_one_cm":24331,"minecraft:boat_one_cm":81296,"minecraft:jump":7086,"minecraft:walk_on_water_one_cm":54025,"minecraft:total_world_time":311322,"minecraft:interact_with_furnace":35,"minecraft:traded_with_villager":57,"minecraft:sleep_in_bed":18,"minecraft:time_since_rest":29849,"minecraft:damage_taken":4576,"minecraft:damage_dealt":15953,"minecraft:swim_one_cm":34520,"minecraft:fly_one_cm":1293988,"minecraft:open_chest":60,"minecraft:crouch_one_cm":19725,"minecraft:fall_one_cm":204053},"minecraft:killed_by":{"minecraft:zombie":3},"minecraft:killed":{"minecraft:spider":1,"minecraft:skeleton":10,"minecraft:zombie_villager":1,"minecraft:rabbit":1,"minecraft:iron_golem":10,"minecraft:sheep":1,"minecraft:zombie":18,"minecraft:villager":1},"minecraft:mined":{"minecraft:white_bed":20,"minecraft:dark_oak_leaves":1,"minecraft:sculk_vein":17,"minecraft:brewing_stand":1,"minecraft:grass_block":290,"minecraft:spruce_leaves":1,"minecraft:cartography_table":1,"minecraft:composter":3,"minecraft:oxeye_daisy":2,"minecraft:hay_block":166,"minecraft:oak_trapdoor":2,"minecraft:carrots":1,"minecraft:barrel":9,"minecraft:azure_bluet":19,"minecraft:bell":1,"minecraft:potatoes":5,"minecraft:oak_sign":1,"minecraft:dirt_path":37,"minecraft:stripped_oak_log":1,"minecraft:stone":45,"minecraft:white_wool":18,"minecraft:oak_slab":14,"minecraft:oak_fence":13,"minecraft:torch":1,"minecraft:short_grass":164,"minecraft:lectern":29,"minecraft:glass":6,"minecraft:tall_grass":18,"minecraft:sugar_cane":3,"minecraft:oak_planks":50,"minecraft:sculk":83,"minecraft:yellow_wool":24,"minecraft:wheat":1,"minecraft:yellow_bed":2,"minecraft:oak_log":223,"minecraft:coal_ore":20,"minecraft:gravel":59,"minecraft:sand":114,"minecraft:dirt":221,"minecraft:oak_button":2,"minecraft:oak_leaves":19,"minecraft:deepslate":8},"minecraft:dropped":{"minecraft:stone_hoe":25,"minecraft:iron_ingot":23,"minecraft:bread":191,"minecraft:oak_slab":7,"minecraft:wheat_seeds":1,"minecraft:oak_log":14,"minecraft:diamond":1,"minecraft:oak_fence":1,"minecraft:iron_helmet":1,"minecraft:cobblestone":1,"minecraft:stick":7,"minecraft:diamond_horse_armor":1,"minecraft:dirt":31,"minecraft:iron_axe":1,"minecraft:iron_pickaxe":1,"minecraft:iron_shovel":2,"minecraft:white_wool":6,"minecraft:dandelion":2,"minecraft:poppy":5,"minecraft:potato":6,"minecraft:diamond_pickaxe":4,"minecraft:oak_sapling":3,"minecraft:oak_boat":3}},"DataVersion":3953}