{"stats":{"minecraft:broken":{"minecraft:iron_shovel":2,"minecraft:stone_hoe":1,"minecraft:iron_helmet":1},"minecraft:dropped":{"minecraft:enchanted_book":1,"minecraft:stone_hoe":25,"minecraft:iron_ingot":186,"minecraft:bread":191,"minecraft:netherite_pickaxe":1,"minecraft:iron_sword":2,"minecraft:oak_slab":7,"minecraft:lapis_lazuli":34,"minecraft:wheat_seeds":1,"minecraft:cooked_beef":2,"minecraft:oak_log":159,"minecraft:diamond":1,"minecraft:netherite_chestplate":2,"minecraft:netherite_helmet":2,"minecraft:oak_fence":1,"minecraft:iron_helmet":3,"minecraft:cobblestone":1,"minecraft:golden_apple":64,"minecraft:stick":11,"minecraft:diamond_horse_armor":1,"minecraft:dirt":33,"minecraft:mace":1,"minecraft:wooden_hoe":1,"minecraft:netherite_boots":2,"minecraft:iron_axe":1,"minecraft:iron_pickaxe":1,"minecraft:iron_shovel":2,"minecraft:white_wool":6,"minecraft:dandelion":2,"minecraft:netherite_sword":2,"minecraft:iron_boots":9,"minecraft:netherite_leggings":2,"minecraft:poppy":5,"minecraft:potato":6,"minecraft:shield":2,"minecraft:trident":1,"minecraft:diamond_pickaxe":7,"minecraft:oak_sapling":3,"minecraft:oak_boat":3},"minecraft:crafted":{"minecraft:smooth_stone":6,"minecraft:oak_planks":1448,"minecraft:barrel":3,"minecraft:oak_sign":15,"minecraft:oak_pressure_plate":64,"minecraft:furnace":3,"minecraft:blast_furnace":1,"minecraft:stone":8,"minecraft:yellow_bed":2,"minecraft:oak_trapdoor":6,"minecraft:glass":113,"minecraft:hopper":1,"minecraft:iron_boots":10,"minecraft:iron_axe":3,"minecraft:iron_hoe":2,"minecraft:stone_pickaxe":1,"minecraft:chest":5,"minecraft:oak_button":28,"minecraft:spruce_boat":1,"minecraft:stone_hoe":13,"minecraft:smoker":1,"minecraft:wheat":1431,"minecraft:cooked_beef":7,"minecraft:oak_slab":30,"minecraft:emerald":87,"minecraft:diamond_axe":1,"minecraft:crafting_table":8,"minecraft:spruce_planks":24,"minecraft:wooden_pickaxe":1,"minecraft:iron_helmet":4,"minecraft:iron_sword":1,"minecraft:smithing_table":1,"minecraft:fletching_table":2,"minecraft:bucket":3,"minecraft:stone_axe":1,"minecraft:bread":479,"minecraft:air":0,"minecraft:oak_boat":3,"minecraft:iron_chestplate":3,"minecraft:diamond_pickaxe":1,"minecraft:shield":1,"minecraft:stick":1376,"minecraft:iron_ingot":5,"minecraft:iron_pickaxe":2,"minecraft:wooden_axe":1,"minecraft:iron_shovel":8,"minecraft:iron_leggings":3,"minecraft:white_bed":2,"minecraft:composter":2,"minecraft:torch":8,"minecraft:shears":1},"minecraft:picked_up":{"minecraft:spruce_leaves":2,"minecraft:iron_chestplate":2,"minecraft:wheat":9,"minecraft:azure_bluet":50,"minecraft:yellow_wool":30,"minecraft:packed_ice":6,"minecraft:wooden_pickaxe":2,"minecraft:diamond_horse_armor":1,"minecraft:brick":4,"minecraft:brewing_stand":2,"minecraft:shield":1,"minecraft:music_disc_cat":1,"minecraft:string":10,"minecraft:oak_trapdoor":2,"minecraft:iron_axe":4,"minecraft:wooden_sword":2,"minecraft:iron_leggings":2,"minecraft:iron_shovel":4,"minecraft:oak_sign":5,"minecraft:cartography_table":2,"minecraft:cobbled_deepslate":9,"minecraft:bucket":1,"minecraft:beef":7,"minecraft:oak_boat":31,"minecraft:poppy":22,"minecraft:iron_pickaxe":5,"minecraft:lectern":32,"minecraft:sugar_cane":6,"minecraft:tipped_arrow":4,"minecraft:iron_boots":4,"minecraft:furnace":2,"minecraft:stick":27,"minecraft:raw_iron":2,"minecraft:stone":2,"minecraft:oak_door":1,"minecraft:composter":5,"minecraft:oak_fence":13,"minecraft:torch":32,"minecraft:carrot":16,"minecraft:redstone":2,"minecraft:arrow":34,"minecraft:rotten_flesh":65,"minecraft:beetroot_seeds":5,"minecraft:shears":1,"minecraft:hay_block":167,"minecraft:saddle":1,"minecraft:mutton":4,"minecraft:white_wool":24,"minecraft:cobblestone":46,"minecraft:oxeye_daisy":6,"minecraft:stripped_oak_log":1,"minecraft:glow_ink_sac":10,"minecraft:water_bucket":1,"minecraft:salmon":5,"minecraft:leather":3,"minecraft:red_mushroom":3,"minecraft:potato":19,"minecraft:birch_planks":1,"minecraft:flint":4,"minecraft:oak_log":555,"minecraft:waxed_copper_block":1,"minecraft:yellow_bed":3,"minecraft:gunpowder":6,"minecraft:wooden_hoe":1,"minecraft:lapis_lazuli":34,"minecraft:dirt":620,"minecraft:glass":15,"minecraft:bone":51,"minecraft:apple":3,"minecraft:bow":3,"minecraft:wheat_seeds":71,"minecraft:bell":1,"minecraft:rabbit_hide":1,"minecraft:iron_ingot":63,"minecraft:rabbit":3,"minecraft:stone_hoe":13,"minecraft:iron_sword":2,"minecraft:oak_planks":63,"minecraft:oak_slab":22,"minecraft:dandelion":3,"minecraft:oak_pressure_plate":64,"minecraft:gravel":59,"minecraft:sand":115,"minecraft:spider_eye":4,"minecraft:ink_sac":3,"minecraft:grass_block":1,"minecraft:white_bed":23,"minecraft:spruce_log":6,"minecraft:barrel":9,"minecraft:iron_hoe":2,"minecraft:diamond":1,"minecraft:spruce_boat":1,"minecraft:short_grass":1,"minecraft:iron_helmet":4,"minecraft:bread":238,"minecraft:emerald":11,"minecraft:oak_button":10,"minecraft:oak_sapling":7,"minecraft:coal":20,"minecraft:oak_leaves":20,"minecraft:diamond_pickaxe":4},"minecraft:killed":{"minecraft:bogged":10,"minecraft:spider":1,"minecraft:skeleton":13,"minecraft:zombie_villager":1,"minecraft:rabbit":1,"minecraft:iron_golem":11,"minecraft:bat":1,"minecraft:sheep":1,"minecraft:zombie":25,"minecraft:breeze":1,"minecraft:villager":2,"minecraft:cave_spider":8,"minecraft:cow":3},"minecraft:custom":{"minecraft:interact_with_smithing_table":1,"minecraft:interact_with_anvil":7,"minecraft:mob_kills":85,"minecraft:inspect_hopper":1,"minecraft:interact_with_crafting_table":58,"minecraft:open_barrel":4,"minecraft:bell_ring":33,"minecraft:leave_game":8,"minecraft:time_since_death":18557,"minecraft:climb_one_cm":1541,"minecraft:sprint_one_cm":1225052,"minecraft:damage_blocked_by_shield":1115,"minecraft:walk_one_cm":1187513,"minecraft:drop":253,"minecraft:talked_to_villager":102,"minecraft:play_time":417831,"minecraft:sneak_time":11995,"minecraft:deaths":17,"minecraft:walk_under_water_one_cm":58200,"minecraft:boat_one_cm":82727,"minecraft:jump":9191,"minecraft:walk_on_water_one_cm":76609,"minecraft:total_world_time":417831,"minecraft:interact_with_furnace":38,"minecraft:traded_with_villager":108,"minecraft:sleep_in_bed":22,"minecraft:time_since_rest":18608,"minecraft:damage_absorbed":122,"minecraft:damage_taken":7563,"minecraft:damage_dealt":23691,"minecraft:player_kills":15,"minecraft:swim_one_cm":57066,"minecraft:fly_one_cm":1795905,"minecraft:open_chest":87,"minecraft:crouch_one_cm":30877,"minecraft:interact_with_smoker":3,"minecraft:fall_one_cm":267302,"minecraft:horse_one_cm":16196},"minecraft:killed_by":{"minecraft:player":1,"minecraft:warden":1,"minecraft:skeleton":1,"minecraft:zombie":4},"minecraft:used":{"minecraft:oak_trapdoor":7,"minecraft:netherite_sword":35,"minecraft:iron_shovel":1284,"minecraft:oak_sign":13,"minecraft:poppy":1,"minecraft:chest":4,"minecraft:spruce_planks":15,"minecraft:shield":25,"minecraft:iron_sword":99,"minecraft:stone":6,"minecraft:zombie_spawn_egg":2,"minecraft:bell":1,"minecraft:stone_hoe":138,"minecraft:torch":38,"minecraft:dirt":579,"minecraft:anvil":3,"minecraft:hopper":1,"minecraft:carrot":5,"minecraft:azure_bluet":5,"minecraft:lava_bucket":8,"minecraft:glass":98,"minecraft:spruce_boat":1,"minecraft:iron_hoe":208,"minecraft:wooden_axe":27,"minecraft:villager_spawn_egg":25,"minecraft:lantern":2,"minecraft:iron_axe":408,"minecraft:grass_block":4,"minecraft:iron_helmet":1,"minecraft:barrel":12,"minecraft:bedrock":43,"minecraft:ominous_bottle":1,"minecraft:hay_block":4,"minecraft:oak_sapling":4,"minecraft:furnace":3,"minecraft:netherite_pickaxe":2,"minecraft:potato":16,"minecraft:cooked_beef":5,"minecraft:cobbled_deepslate":9,"minecraft:iron_leggings":1,"minecraft:short_grass":1,"minecraft:water_bucket":50,"minecraft:dirt_path":12,"minecraft:stone_pickaxe":1,"minecraft:oak_planks":191,"minecraft:wooden_pickaxe":13,"minecraft:composter":3,"minecraft:sugar_cane":6,"minecraft:diamond_axe":146,"minecraft:fletching_table":2,"minecraft:waxed_copper_block":2,"minecraft:golden_apple":3,"minecraft:oak_leaves":16,"minecraft:salmon":2,"minecraft:oak_slab":23,"minecraft:crafting_table":8,"minecraft:blast_furnace":1,"minecraft:white_bed":25,"minecraft:smoker":1,"minecraft:shears":13,"minecraft:waxed_chiseled_copper":20,"minecraft:oak_log":3,"minecraft:breeze_spawn_egg":1,"minecraft:iron_pickaxe":81,"minecraft:string":1,"minecraft:bread":133,"minecraft:oak_button":34,"minecraft:lectern":32,"minecraft:gravel":49,"minecraft:yellow_wool":12,"minecraft:stone_axe":84,"minecraft:cobblestone":10,"minecraft:pufferfish_bucket":19,"minecraft:smithing_table":2,"minecraft:bucket":56,"minecraft:oak_boat":30,"minecraft:yellow_bed":16,"minecraft:trident":16,"minecraft:experience_bottle":73},"minecraft:mined":{"minecraft:spruce_planks":1,"minecraft:white_bed":20,"minecraft:dark_oak_leaves":1,"minecraft:sculk_vein":17,"minecraft:brewing_stand":1,"minecraft:grass_block":293,"minecraft:decorated_pot":1,"minecraft:spruce_leaves":4,"minecraft:composter":3,"minecraft:cartography_table":1,"minecraft:oxeye_daisy":2,"minecraft:hay_block":166,"minecraft:oak_trapdoor":2,"minecraft:carrots":1,"minecraft:furnace":2,"minecraft:barrel":9,"minecraft:azure_bluet":19,"minecraft:bell":1,"minecraft:potatoes":7,"minecraft:oak_sign":1,"minecraft:dirt_path":37,"minecraft:packed_ice":6,"minecraft:stripped_oak_log":1,"minecraft:stone":46,"minecraft:white_wool":18,"minecraft:oak_slab":14,"minecraft:oak_fence":13,"minecraft:torch":1,"minecraft:short_grass":175,"minecraft:lectern":32,"minecraft:glass":6,"minecraft:tall_grass":22,"minecraft:cobblestone":2,"minecraft:oak_planks":50,"minecraft:sugar_cane":3,"minecraft:sculk":83,"minecraft:yellow_wool":24,"minecraft:wheat":10,"minecraft:spruce_log":6,"minecraft:waxed_copper_block":2,"minecraft:yellow_bed":2,"minecraft:coal_ore":20,"minecraft:oak_log":311,"minecraft:sand":114,"minecraft:gravel":59,"minecraft:dripstone_block":1,"minecraft:dirt":223,"minecraft:oak_button":2,"minecraft:oak_leaves":44,"minecraft:deepslate":8}},"DataVersion":3953}