{"stats":{"minecraft:broken":{"minecraft:stone_hoe":1},"minecraft:crafted":{"minecraft:oak_planks":112,"minecraft:crafting_table":4,"minecraft:wooden_pickaxe":1,"minecraft:bucket":1,"minecraft:stone_axe":1,"minecraft:bread":435,"minecraft:oak_trapdoor":2,"minecraft:oak_boat":1,"minecraft:iron_axe":1,"minecraft:stick":20,"minecraft:iron_pickaxe":1,"minecraft:stone_pickaxe":1,"minecraft:wooden_axe":1,"minecraft:iron_shovel":1,"minecraft:stone_hoe":1,"minecraft:wheat":1305},"minecraft:mined":{"minecraft:oak_slab":6,"minecraft:white_bed":20,"minecraft:dark_oak_leaves":1,"minecraft:oak_fence":13,"minecraft:torch":1,"minecraft:short_grass":17,"minecraft:grass_block":55,"minecraft:tall_grass":3,"minecraft:spruce_leaves":1,"minecraft:composter":1,"minecraft:oak_planks":5,"minecraft:hay_block":151,"minecraft:yellow_wool":18,"minecraft:yellow_bed":2,"minecraft:bell":1,"minecraft:oak_log":34,"minecraft:dirt":17,"minecraft:stone":11,"minecraft:white_wool":12,"minecraft:oak_leaves":1},"minecraft:dropped":{"minecraft:bread":84,"minecraft:oak_fence":1,"minecraft:stick":2,"minecraft:poppy":5,"minecraft:oak_sapling":3},"minecraft:picked_up":{"minecraft:yellow_wool":18,"minecraft:oak_log":33,"minecraft:yellow_bed":2,"minecraft:dirt":72,"minecraft:wheat_seeds":5,"minecraft:bell":1,"minecraft:rabbit_hide":1,"minecraft:iron_ingot":16,"minecraft:oak_boat":6,"minecraft:poppy":6,"minecraft:rabbit":1,"minecraft:oak_planks":5,"minecraft:oak_slab":6,"minecraft:oak_door":1,"minecraft:composter":1,"minecraft:oak_fence":13,"minecraft:torch":2,"minecraft:white_bed":20,"minecraft:rotten_flesh":1,"minecraft:hay_block":151,"minecraft:oak_sapling":5,"minecraft:white_wool":12,"minecraft:cobblestone":9},"minecraft:killed":{"minecraft:iron_golem":4,"minecraft:skeleton":1,"minecraft:zombie":1,"minecraft:villager":1},"minecraft:custom":{"minecraft:mob_kills":7,"minecraft:interact_with_crafting_table":12,"minecraft:bell_ring":33,"minecraft:leave_game":1,"minecraft:time_since_death":82935,"minecraft:sleep_in_bed":6,"minecraft:time_since_rest":1833,"minecraft:sprint_one_cm":341499,"minecraft:damage_taken":655,"minecraft:walk_one_cm":182285,"minecraft:drop":88,"minecraft:damage_dealt":4606,"minecraft:talked_to_villager":6,"minecraft:swim_one_cm":15497,"minecraft:fly_one_cm":472205,"minecraft:open_chest":3,"minecraft:crouch_one_cm":1482,"minecraft:play_time":82935,"minecraft:sneak_time":449,"minecraft:walk_under_water_one_cm":5762,"minecraft:boat_one_cm":6646,"minecraft:jump":2066,"minecraft:walk_on_water_one_cm":14921,"minecraft:total_world_time":82935,"minecraft:fall_one_cm":65546},"minecraft:used":{"minecraft:oak_trapdoor":1,"minecraft:water_bucket":3,"minecraft:iron_shovel":70,"minecraft:stone_pickaxe":1,"minecraft:poppy":1,"minecraft:oak_planks":46,"minecraft:wooden_pickaxe":11,"minecraft:composter":1,"minecraft:bell":1,"minecraft:stone_hoe":138,"minecraft:dirt":48,"minecraft:oak_slab":6,"minecraft:crafting_table":4,"minecraft:white_bed":18,"minecraft:wooden_axe":27,"minecraft:iron_axe":9,"minecraft:bread":25,"minecraft:yellow_wool":12,"minecraft:stone_axe":84,"minecraft:cobblestone":1,"minecraft:hay_block":4,"minecraft:oak_sapling":2,"minecraft:bucket":3,"minecraft:yellow_bed":2,"minecraft:oak_boat":7}},"DataVersion":3953}