{"stats":{"minecraft:mined":{"minecraft:hay_block":3,"minecraft:short_grass":5,"minecraft:grass_block":29,"minecraft:dirt_path":8,"minecraft:dirt":8,"minecraft:birch_leaves":1,"minecraft:oak_planks":1},"minecraft:custom":{"minecraft:time_since_rest":5729,"minecraft:open_chest":4,"minecraft:play_time":5729,"minecraft:sprint_one_cm":13423,"minecraft:damage_taken":140,"minecraft:walk_one_cm":20128,"minecraft:jump":160,"minecraft:damage_dealt":10,"minecraft:time_since_death":5729,"minecraft:total_world_time":5729,"minecraft:climb_one_cm":956,"minecraft:fall_one_cm":5557,"minecraft:fly_one_cm":14680},"minecraft:picked_up":{"minecraft:iron_shovel":1,"minecraft:wheat_seeds":1,"minecraft:hay_block":3,"minecraft:oak_planks":1,"minecraft:dirt":45},"minecraft:used":{"minecraft:stone_axe":1,"minecraft:dirt":8,"minecraft:iron_shovel":44,"minecraft:bread":3,"minecraft:stone_pickaxe":3,"minecraft:oak_planks":1}},"DataVersion":3953}