{"stats":{"minecraft:used":{"minecraft:stone_pickaxe":151,"minecraft:oak_planks":3,"minecraft:wooden_pickaxe":13,"minecraft:iron_sword":27,"minecraft:torch":3,"minecraft:crafting_table":4,"minecraft:dark_oak_planks":1,"minecraft:wooden_axe":42,"minecraft:bread":1,"minecraft:iron_pickaxe":4,"minecraft:wooden_sword":58,"minecraft:cobblestone":12,"minecraft:golden_carrot":1,"minecraft:dark_oak_boat":1,"minecraft:porkchop":6,"minecraft:potato":8},"minecraft:broken":{"minecraft:stone_pickaxe":1},"minecraft:mined":{"minecraft:dark_oak_leaves":1,"minecraft:dark_oak_log":27,"minecraft:crafting_table":3,"minecraft:granite":3,"minecraft:short_grass":12,"minecraft:tall_grass":7,"minecraft:copper_ore":5,"minecraft:cobblestone":2,"minecraft:diorite":41,"minecraft:oxeye_daisy":1,"minecraft:wall_torch":5,"minecraft:andesite":1,"minecraft:oak_log":4,"minecraft:coal_ore":25,"minecraft:sand":1,"minecraft:stone":81,"minecraft:deepslate":3,"minecraft:dark_oak_planks":1},"minecraft:crafted":{"minecraft:wooden_sword":1,"minecraft:oak_planks":16,"minecraft:dark_oak_boat":1,"minecraft:crafting_table":3,"minecraft:wooden_pickaxe":1,"minecraft:iron_sword":1,"minecraft:stone":22,"minecraft:stone_axe":1,"minecraft:stick":28,"minecraft:iron_pickaxe":1,"minecraft:stone_pickaxe":2,"minecraft:wooden_axe":1,"minecraft:dark_oak_planks":72,"minecraft:torch":12},"minecraft:dropped":{"minecraft:wheat_seeds":1,"minecraft:dark_oak_log":8},"minecraft:picked_up":{"minecraft:wooden_axe":4,"minecraft:crafting_table":6,"minecraft:golden_carrot":16,"minecraft:andesite":1,"minecraft:leather":1,"minecraft:dark_oak_boat":4,"minecraft:wooden_pickaxe":2,"minecraft:flint":6,"minecraft:oak_log":4,"minecraft:raw_copper":11,"minecraft:wooden_sword":1,"minecraft:wheat_seeds":2,"minecraft:cobbled_deepslate":3,"minecraft:beef":2,"minecraft:iron_ingot":18,"minecraft:poppy":4,"minecraft:oak_planks":9,"minecraft:stick":19,"minecraft:torch":5,"minecraft:porkchop":7,"minecraft:sand":1,"minecraft:ink_sac":1,"minecraft:diorite":41,"minecraft:dark_oak_log":26,"minecraft:dark_oak_planks":154,"minecraft:hay_block":2,"minecraft:granite":3,"minecraft:bread":43,"minecraft:coal":23,"minecraft:oxeye_daisy":3,"minecraft:cobblestone":74},"minecraft:custom":{"minecraft:interact_with_furnace":4,"minecraft:mob_kills":7,"minecraft:interact_with_crafting_table":9,"minecraft:leave_game":1,"minecraft:time_since_death":6333,"minecraft:sleep_in_bed":5,"minecraft:climb_one_cm":1156,"minecraft:time_since_rest":4591,"minecraft:sprint_one_cm":45905,"minecraft:damage_taken":2099,"minecraft:walk_one_cm":99701,"minecraft:drop":9,"minecraft:damage_dealt":2624,"minecraft:talked_to_villager":1,"minecraft:fly_one_cm":112801,"minecraft:player_kills":2,"minecraft:open_chest":5,"minecraft:crouch_one_cm":2209,"minecraft:play_time":36906,"minecraft:deaths":7,"minecraft:sneak_time":1215,"minecraft:walk_under_water_one_cm":925,"minecraft:boat_one_cm":134255,"minecraft:jump":743,"minecraft:walk_on_water_one_cm":5478,"minecraft:total_world_time":36906,"minecraft:fall_one_cm":17522},"minecraft:killed_by":{"minecraft:skeleton":4,"minecraft:zombie":2},"minecraft:killed":{"minecraft:pig":3,"minecraft:iron_golem":1,"minecraft:zombie":1,"minecraft:cow":1}},"DataVersion":3953}