{"stats":{"minecraft:mined":{"minecraft:hay_block":6,"minecraft:short_grass":5,"minecraft:oak_slab":1,"minecraft:grass_block":33,"minecraft:dirt_path":8,"minecraft:dirt":39,"minecraft:birch_leaves":1,"minecraft:oak_planks":1},"minecraft:dropped":{"minecraft:bread":25},"minecraft:custom":{"minecraft:time_since_rest":9432,"minecraft:open_chest":4,"minecraft:play_time":17729,"minecraft:sprint_one_cm":27063,"minecraft:damage_taken":303,"minecraft:walk_one_cm":70607,"minecraft:sneak_time":3,"minecraft:boat_one_cm":5561,"minecraft:drop":25,"minecraft:jump":288,"minecraft:damage_dealt":10,"minecraft:time_since_death":17729,"minecraft:sleep_in_bed":1,"minecraft:total_world_time":17729,"minecraft:climb_one_cm":956,"minecraft:talked_to_villager":4,"minecraft:fall_one_cm":6666,"minecraft:fly_one_cm":24128,"minecraft:crouch_one_cm":43},"minecraft:picked_up":{"minecraft:oak_slab":1,"minecraft:iron_shovel":1,"minecraft:wheat_seeds":1,"minecraft:hay_block":6,"minecraft:oak_boat":3,"minecraft:oak_planks":2,"minecraft:dirt":80},"minecraft:used":{"minecraft:stone_axe":8,"minecraft:dirt":29,"minecraft:iron_shovel":72,"minecraft:hay_block":4,"minecraft:bread":6,"minecraft:stone_pickaxe":3,"minecraft:oak_planks":1,"minecraft:oak_boat":3}},"DataVersion":3953}