{"stats":{"minecraft:crafted":{"minecraft:oak_planks":276,"minecraft:iron_sword":1,"minecraft:birch_planks":64,"minecraft:stone_axe":4,"minecraft:stick":12,"minecraft:stone_pickaxe":1,"minecraft:white_bed":3,"minecraft:wheat":18},"minecraft:broken":{"minecraft:stone_axe":3,"minecraft:wooden_axe":1},"minecraft:mined":{"minecraft:oak_slab":1,"minecraft:white_bed":2,"minecraft:short_grass":41,"minecraft:grass_block":39,"minecraft:poppy":2,"minecraft:tall_grass":5,"minecraft:oak_planks":2,"minecraft:oxeye_daisy":3,"minecraft:hay_block":8,"minecraft:birch_log":56,"minecraft:iron_ore":6,"minecraft:birch_leaves":4,"minecraft:azure_bluet":4,"minecraft:oak_log":233,"minecraft:dirt_path":10,"minecraft:dirt":86,"minecraft:stripped_oak_log":1,"minecraft:stone":28,"minecraft:oak_leaves":82},"minecraft:dropped":{"minecraft:iron_ingot":2,"minecraft:bread":33,"minecraft:oak_slab":1,"minecraft:oak_log":19,"minecraft:rotten_flesh":4,"minecraft:cobblestone":1,"minecraft:oak_planks":1,"minecraft:white_bed":5,"minecraft:oak_sign":2,"minecraft:carrot":1,"minecraft:oxeye_daisy":1,"minecraft:poppy":1,"minecraft:hay_block":1,"minecraft:oak_boat":2,"minecraft:oak_sapling":1,"minecraft:glass":15},"minecraft:custom":{"minecraft:interact_with_smithing_table":1,"minecraft:mob_kills":5,"minecraft:interact_with_crafting_table":13,"minecraft:time_since_death":28126,"minecraft:sleep_in_bed":10,"minecraft:climb_one_cm":956,"minecraft:time_since_rest":13222,"minecraft:sprint_one_cm":167340,"minecraft:damage_taken":1992,"minecraft:walk_one_cm":218336,"minecraft:drop":74,"minecraft:damage_dealt":861,"minecraft:talked_to_villager":20,"minecraft:fly_one_cm":320317,"minecraft:open_chest":21,"minecraft:crouch_one_cm":635,"minecraft:play_time":95729,"minecraft:deaths":2,"minecraft:sneak_time":183,"minecraft:walk_under_water_one_cm":2279,"minecraft:boat_one_cm":26279,"minecraft:jump":2120,"minecraft:walk_on_water_one_cm":5211,"minecraft:total_world_time":95729,"minecraft:fall_one_cm":62719},"minecraft:killed":{"minecraft:sheep":2,"minecraft:zombie":2},"minecraft:picked_up":{"minecraft:stripped_oak_log":1,"minecraft:birch_log":56,"minecraft:azure_bluet":2,"minecraft:oak_log":233,"minecraft:dirt":135,"minecraft:iron_shovel":2,"minecraft:glass":15,"minecraft:oak_sign":2,"minecraft:apple":2,"minecraft:wheat_seeds":7,"minecraft:iron_ingot":7,"minecraft:oak_boat":9,"minecraft:poppy":1,"minecraft:oak_planks":3,"minecraft:stick":13,"minecraft:oak_slab":5,"minecraft:raw_iron":5,"minecraft:dandelion":1,"minecraft:gravel":1,"minecraft:white_bed":4,"minecraft:carrot":1,"minecraft:rotten_flesh":7,"minecraft:hay_block":9,"minecraft:bread":73,"minecraft:oak_sapling":10,"minecraft:mutton":4,"minecraft:white_wool":9,"minecraft:cobblestone":36,"minecraft:oxeye_daisy":3},"minecraft:killed_by":{"minecraft:zombie":1},"minecraft:used":{"minecraft:iron_shovel":143,"minecraft:stone_pickaxe":77,"minecraft:oak_planks":1,"minecraft:wooden_pickaxe":9,"minecraft:iron_sword":2,"minecraft:dirt":111,"minecraft:white_bed":2,"minecraft:oak_log":1,"minecraft:wooden_axe":21,"minecraft:bread":38,"minecraft:gravel":1,"minecraft:stone_axe":373,"minecraft:cobblestone":2,"minecraft:hay_block":6,"minecraft:oak_boat":7}},"DataVersion":3953}