{"stats":{"minecraft:broken":{"minecraft:stone_axe":3,"minecraft:wooden_axe":1},"minecraft:mined":{"minecraft:oak_slab":1,"minecraft:white_bed":2,"minecraft:short_grass":43,"minecraft:grass_block":42,"minecraft:poppy":2,"minecraft:tall_grass":5,"minecraft:oak_planks":2,"minecraft:oxeye_daisy":3,"minecraft:hay_block":8,"minecraft:birch_planks":5,"minecraft:birch_log":70,"minecraft:iron_ore":6,"minecraft:fire":1,"minecraft:birch_leaves":5,"minecraft:azure_bluet":5,"minecraft:oak_log":239,"minecraft:dirt_path":11,"minecraft:dirt":88,"minecraft:stripped_oak_log":1,"minecraft:stone":28,"minecraft:oak_leaves":82},"minecraft:killed_by":{"minecraft:skeleton":1,"minecraft:zombie":1},"minecraft:used":{"minecraft:iron_shovel":147,"minecraft:birch_planks":6,"minecraft:stone_pickaxe":77,"minecraft:oak_planks":1,"minecraft:wooden_pickaxe":9,"minecraft:iron_sword":24,"minecraft:dirt":115,"minecraft:white_bed":2,"minecraft:oak_log":1,"minecraft:wooden_axe":21,"minecraft:bread":42,"minecraft:gravel":1,"minecraft:stone_axe":399,"minecraft:cobblestone":2,"minecraft:hay_block":6,"minecraft:oak_boat":7},"minecraft:custom":{"minecraft:interact_with_smithing_table":1,"minecraft:mob_kills":7,"minecraft:interact_with_crafting_table":13,"minecraft:leave_game":2,"minecraft:time_since_death":4223,"minecraft:sleep_in_bed":10,"minecraft:climb_one_cm":956,"minecraft:time_since_rest":4310,"minecraft:sprint_one_cm":183727,"minecraft:damage_taken":2372,"minecraft:walk_one_cm":235613,"minecraft:drop":83,"minecraft:damage_dealt":1159,"minecraft:swim_one_cm":3366,"minecraft:talked_to_villager":20,"minecraft:fly_one_cm":356624,"minecraft:open_chest":21,"minecraft:crouch_one_cm":635,"minecraft:play_time":105263,"minecraft:sneak_time":183,"minecraft:deaths":3,"minecraft:walk_under_water_one_cm":2427,"minecraft:boat_one_cm":26279,"minecraft:jump":2413,"minecraft:walk_on_water_one_cm":6162,"minecraft:total_world_time":105263,"minecraft:fall_one_cm":69651},"minecraft:crafted":{"minecraft:oak_planks":568,"minecraft:iron_sword":1,"minecraft:birch_planks":168,"minecraft:stone_axe":4,"minecraft:stick":12,"minecraft:stone_pickaxe":1,"minecraft:white_bed":3,"minecraft:wheat":18},"minecraft:dropped":{"minecraft:iron_ingot":2,"minecraft:bread":33,"minecraft:oak_slab":1,"minecraft:wheat_seeds":4,"minecraft:oak_log":19,"minecraft:rotten_flesh":6,"minecraft:cobblestone":1,"minecraft:oak_planks":1,"minecraft:apple":1,"minecraft:white_bed":5,"minecraft:azure_bluet":1,"minecraft:oak_sign":2,"minecraft:carrot":1,"minecraft:oxeye_daisy":1,"minecraft:poppy":1,"minecraft:hay_block":1,"minecraft:oak_boat":2,"minecraft:oak_sapling":4,"minecraft:arrow":1,"minecraft:glass":15},"minecraft:picked_up":{"minecraft:stripped_oak_log":1,"minecraft:birch_log":70,"minecraft:azure_bluet":4,"minecraft:birch_planks":171,"minecraft:oak_log":239,"minecraft:dirt":178,"minecraft:iron_shovel":3,"minecraft:glass":15,"minecraft:bone":2,"minecraft:oak_sign":2,"minecraft:apple":3,"minecraft:wheat_seeds":12,"minecraft:iron_ingot":7,"minecraft:stone_pickaxe":1,"minecraft:oak_boat":9,"minecraft:poppy":1,"minecraft:iron_sword":1,"minecraft:oak_planks":555,"minecraft:stick":22,"minecraft:oak_slab":5,"minecraft:raw_iron":5,"minecraft:dandelion":1,"minecraft:gravel":1,"minecraft:white_bed":4,"minecraft:carrot":1,"minecraft:arrow":1,"minecraft:rotten_flesh":14,"minecraft:stone_axe":2,"minecraft:hay_block":9,"minecraft:bread":124,"minecraft:oak_sapling":16,"minecraft:mutton":4,"minecraft:white_wool":9,"minecraft:cobblestone":36,"minecraft:oxeye_daisy":3},"minecraft:killed":{"minecraft:sheep":2,"minecraft:zombie":3}},"DataVersion":3953}