{"stats":{"minecraft:crafted":{"minecraft:wheat":18},"minecraft:mined":{"minecraft:hay_block":8,"minecraft:short_grass":5,"minecraft:oak_slab":1,"minecraft:grass_block":33,"minecraft:dirt_path":8,"minecraft:dirt":54,"minecraft:birch_leaves":1,"minecraft:oak_planks":1},"minecraft:dropped":{"minecraft:bread":25,"minecraft:oak_boat":1},"minecraft:custom":{"minecraft:time_since_rest":8714,"minecraft:open_chest":4,"minecraft:play_time":29729,"minecraft:sprint_one_cm":38010,"minecraft:damage_taken":367,"minecraft:walk_one_cm":94820,"minecraft:sneak_time":68,"minecraft:boat_one_cm":5667,"minecraft:drop":26,"minecraft:jump":459,"minecraft:damage_dealt":54,"minecraft:time_since_death":29729,"minecraft:sleep_in_bed":2,"minecraft:total_world_time":29729,"minecraft:climb_one_cm":956,"minecraft:interact_with_crafting_table":1,"minecraft:talked_to_villager":9,"minecraft:fall_one_cm":11437,"minecraft:fly_one_cm":46697,"minecraft:interact_with_smithing_table":1,"minecraft:crouch_one_cm":346},"minecraft:picked_up":{"minecraft:oak_slab":1,"minecraft:iron_shovel":1,"minecraft:wheat_seeds":1,"minecraft:hay_block":8,"minecraft:oak_boat":6,"minecraft:oak_planks":2,"minecraft:dirt":93},"minecraft:used":{"minecraft:stone_axe":9,"minecraft:dirt":49,"minecraft:iron_shovel":89,"minecraft:hay_block":6,"minecraft:bread":9,"minecraft:stone_pickaxe":3,"minecraft:oak_planks":1,"minecraft:oak_boat":5}},"DataVersion":3953}