{"stats":{"minecraft:broken":{"minecraft:stone_axe":3,"minecraft:wooden_axe":1},"minecraft:dropped":{"minecraft:iron_ingot":2,"minecraft:bread":36,"minecraft:oak_slab":1,"minecraft:wheat_seeds":4,"minecraft:oak_log":19,"minecraft:rotten_flesh":6,"minecraft:cobblestone":1,"minecraft:oak_planks":1,"minecraft:apple":1,"minecraft:white_bed":5,"minecraft:azure_bluet":1,"minecraft:oak_sign":2,"minecraft:carrot":1,"minecraft:oxeye_daisy":1,"minecraft:poppy":1,"minecraft:hay_block":1,"minecraft:oak_boat":2,"minecraft:oak_sapling":4,"minecraft:arrow":1,"minecraft:glass":15},"minecraft:crafted":{"minecraft:oak_planks":568,"minecraft:iron_sword":1,"minecraft:birch_planks":168,"minecraft:stone_axe":4,"minecraft:stick":12,"minecraft:stone_pickaxe":1,"minecraft:white_bed":3,"minecraft:wheat":18},"minecraft:picked_up":{"minecraft:stripped_oak_log":1,"minecraft:birch_log":70,"minecraft:azure_bluet":4,"minecraft:birch_planks":336,"minecraft:oak_log":239,"minecraft:string":2,"minecraft:dirt":204,"minecraft:iron_shovel":4,"minecraft:glass":15,"minecraft:bone":4,"minecraft:oak_sign":2,"minecraft:apple":3,"minecraft:wheat_seeds":12,"minecraft:iron_ingot":7,"minecraft:stone_pickaxe":2,"minecraft:oak_boat":9,"minecraft:poppy":1,"minecraft:iron_sword":2,"minecraft:oak_planks":1108,"minecraft:stick":30,"minecraft:oak_slab":5,"minecraft:raw_iron":5,"minecraft:dandelion":1,"minecraft:gravel":1,"minecraft:white_bed":4,"minecraft:carrot":1,"minecraft:arrow":1,"minecraft:rotten_flesh":25,"minecraft:stone_axe":4,"minecraft:hay_block":9,"minecraft:bread":174,"minecraft:oak_sapling":16,"minecraft:mutton":4,"minecraft:white_wool":9,"minecraft:cobblestone":36,"minecraft:oxeye_daisy":3},"minecraft:killed":{"minecraft:sheep":2,"minecraft:zombie":3},"minecraft:custom":{"minecraft:interact_with_smithing_table":1,"minecraft:mob_kills":8,"minecraft:interact_with_crafting_table":13,"minecraft:leave_game":2,"minecraft:time_since_death":4563,"minecraft:sleep_in_bed":10,"minecraft:climb_one_cm":956,"minecraft:time_since_rest":4595,"minecraft:sprint_one_cm":192014,"minecraft:damage_taken":2724,"minecraft:walk_one_cm":265671,"minecraft:drop":86,"minecraft:damage_dealt":1391,"minecraft:swim_one_cm":3366,"minecraft:talked_to_villager":34,"minecraft:fly_one_cm":368428,"minecraft:open_chest":22,"minecraft:crouch_one_cm":635,"minecraft:play_time":110274,"minecraft:sneak_time":186,"minecraft:deaths":4,"minecraft:walk_under_water_one_cm":2427,"minecraft:boat_one_cm":26279,"minecraft:jump":2502,"minecraft:walk_on_water_one_cm":6162,"minecraft:total_world_time":110274,"minecraft:fall_one_cm":70812},"minecraft:killed_by":{"minecraft:skeleton":1,"minecraft:zombie":2},"minecraft:used":{"minecraft:iron_shovel":147,"minecraft:birch_planks":15,"minecraft:stone_pickaxe":77,"minecraft:oak_planks":3,"minecraft:wooden_pickaxe":9,"minecraft:iron_sword":26,"minecraft:dirt":117,"minecraft:white_bed":2,"minecraft:oak_log":1,"minecraft:wooden_axe":21,"minecraft:bread":44,"minecraft:gravel":1,"minecraft:stone_axe":408,"minecraft:cobblestone":2,"minecraft:hay_block":6,"minecraft:oak_boat":7},"minecraft:mined":{"minecraft:oak_slab":1,"minecraft:white_bed":2,"minecraft:short_grass":43,"minecraft:grass_block":42,"minecraft:poppy":2,"minecraft:tall_grass":5,"minecraft:oak_planks":3,"minecraft:oxeye_daisy":3,"minecraft:hay_block":8,"minecraft:birch_planks":10,"minecraft:birch_log":70,"minecraft:iron_ore":6,"minecraft:fire":1,"minecraft:birch_leaves":5,"minecraft:azure_bluet":5,"minecraft:oak_log":239,"minecraft:dirt_path":12,"minecraft:dirt":90,"minecraft:stripped_oak_log":1,"minecraft:stone":28,"minecraft:oak_leaves":82}},"DataVersion":3953}