{"stats":{"minecraft:crafted":{"minecraft:oak_planks":16,"minecraft:iron_sword":1,"minecraft:stone_axe":2,"minecraft:stick":12,"minecraft:stone_pickaxe":1,"minecraft:white_bed":3,"minecraft:wheat":18},"minecraft:broken":{"minecraft:stone_axe":3,"minecraft:wooden_axe":1},"minecraft:mined":{"minecraft:oak_slab":1,"minecraft:white_bed":2,"minecraft:short_grass":38,"minecraft:grass_block":37,"minecraft:poppy":2,"minecraft:tall_grass":5,"minecraft:oak_planks":2,"minecraft:oxeye_daisy":3,"minecraft:hay_block":8,"minecraft:birch_log":44,"minecraft:iron_ore":6,"minecraft:birch_leaves":4,"minecraft:azure_bluet":3,"minecraft:oak_log":166,"minecraft:dirt_path":10,"minecraft:dirt":76,"minecraft:stripped_oak_log":1,"minecraft:stone":22,"minecraft:oak_leaves":71},"minecraft:dropped":{"minecraft:bread":33,"minecraft:oak_slab":1,"minecraft:oak_log":19,"minecraft:rotten_flesh":4,"minecraft:cobblestone":1,"minecraft:oak_planks":1,"minecraft:white_bed":5,"minecraft:oak_sign":2,"minecraft:carrot":1,"minecraft:oxeye_daisy":1,"minecraft:poppy":1,"minecraft:hay_block":1,"minecraft:oak_boat":2,"minecraft:oak_sapling":1,"minecraft:glass":15},"minecraft:custom":{"minecraft:interact_with_smithing_table":1,"minecraft:mob_kills":5,"minecraft:interact_with_crafting_table":10,"minecraft:time_since_death":16126,"minecraft:sleep_in_bed":10,"minecraft:climb_one_cm":956,"minecraft:time_since_rest":1222,"minecraft:sprint_one_cm":150819,"minecraft:damage_taken":1826,"minecraft:walk_one_cm":202197,"minecraft:drop":72,"minecraft:damage_dealt":801,"minecraft:talked_to_villager":14,"minecraft:fly_one_cm":285374,"minecraft:open_chest":15,"minecraft:crouch_one_cm":635,"minecraft:play_time":83729,"minecraft:deaths":2,"minecraft:sneak_time":183,"minecraft:boat_one_cm":26279,"minecraft:jump":1900,"minecraft:walk_on_water_one_cm":3836,"minecraft:total_world_time":83729,"minecraft:fall_one_cm":55688},"minecraft:killed":{"minecraft:sheep":2,"minecraft:zombie":2},"minecraft:picked_up":{"minecraft:stripped_oak_log":1,"minecraft:birch_log":44,"minecraft:azure_bluet":2,"minecraft:oak_log":166,"minecraft:dirt":119,"minecraft:iron_shovel":2,"minecraft:glass":15,"minecraft:oak_sign":2,"minecraft:apple":2,"minecraft:wheat_seeds":5,"minecraft:iron_ingot":4,"minecraft:oak_boat":9,"minecraft:poppy":1,"minecraft:oak_planks":3,"minecraft:stick":9,"minecraft:oak_slab":5,"minecraft:raw_iron":5,"minecraft:dandelion":1,"minecraft:gravel":1,"minecraft:white_bed":4,"minecraft:carrot":1,"minecraft:rotten_flesh":7,"minecraft:hay_block":9,"minecraft:bread":73,"minecraft:oak_sapling":10,"minecraft:mutton":4,"minecraft:white_wool":9,"minecraft:cobblestone":30,"minecraft:oxeye_daisy":3},"minecraft:killed_by":{"minecraft:zombie":1},"minecraft:used":{"minecraft:iron_shovel":131,"minecraft:stone_pickaxe":71,"minecraft:oak_planks":1,"minecraft:wooden_pickaxe":9,"minecraft:dirt":103,"minecraft:white_bed":2,"minecraft:oak_log":1,"minecraft:wooden_axe":21,"minecraft:bread":33,"minecraft:stone_axe":282,"minecraft:hay_block":6,"minecraft:oak_boat":7}},"DataVersion":3953}