{"stats":{"minecraft:used":{"minecraft:wooden_axe":40,"minecraft:dark_oak_planks":1,"minecraft:dark_oak_boat":1,"minecraft:crafting_table":1},"minecraft:crafted":{"minecraft:dark_oak_boat":1,"minecraft:crafting_table":1,"minecraft:stick":12,"minecraft:wooden_pickaxe":1,"minecraft:wooden_axe":1,"minecraft:dark_oak_planks":72},"minecraft:mined":{"minecraft:dark_oak_planks":1,"minecraft:dark_oak_leaves":1,"minecraft:dark_oak_log":27,"minecraft:crafting_table":1},"minecraft:dropped":{"minecraft:dark_oak_log":8,"minecraft:wheat_seeds":1},"minecraft:picked_up":{"minecraft:wooden_axe":1,"minecraft:stick":8,"minecraft:crafting_table":2,"minecraft:golden_carrot":7,"minecraft:dark_oak_boat":2,"minecraft:wooden_pickaxe":1,"minecraft:flint":2,"minecraft:dark_oak_log":26,"minecraft:dark_oak_planks":52,"minecraft:wheat_seeds":1,"minecraft:hay_block":2},"minecraft:custom":{"minecraft:time_since_rest":160,"minecraft:sprint_one_cm":16226,"minecraft:damage_taken":544,"minecraft:walk_one_cm":29550,"minecraft:drop":9,"minecraft:damage_dealt":507,"minecraft:interact_with_crafting_table":4,"minecraft:fly_one_cm":38792,"minecraft:player_kills":1,"minecraft:open_chest":1,"minecraft:crouch_one_cm":99,"minecraft:play_time":13518,"minecraft:deaths":2,"minecraft:sneak_time":4,"minecraft:walk_under_water_one_cm":925,"minecraft:boat_one_cm":134255,"minecraft:jump":202,"minecraft:time_since_death":134,"minecraft:walk_on_water_one_cm":1696,"minecraft:sleep_in_bed":4,"minecraft:total_world_time":13518,"minecraft:fall_one_cm":4402},"minecraft:killed_by":{"minecraft:skeleton":2}},"DataVersion":3953}