{"stats":{"minecraft:used":{"minecraft:wooden_axe":42,"minecraft:dark_oak_planks":1,"minecraft:bread":1,"minecraft:stone_pickaxe":151,"minecraft:wooden_pickaxe":13,"minecraft:torch":3,"minecraft:cobblestone":12,"minecraft:golden_carrot":1,"minecraft:dark_oak_boat":1,"minecraft:crafting_table":3},"minecraft:broken":{"minecraft:stone_pickaxe":1},"minecraft:crafted":{"minecraft:dark_oak_boat":1,"minecraft:crafting_table":2,"minecraft:stick":24,"minecraft:wooden_pickaxe":1,"minecraft:stone_pickaxe":2,"minecraft:wooden_axe":1,"minecraft:torch":12,"minecraft:dark_oak_planks":72,"minecraft:stone_axe":1},"minecraft:mined":{"minecraft:dark_oak_planks":1,"minecraft:dark_oak_leaves":1,"minecraft:dark_oak_log":27,"minecraft:andesite":1,"minecraft:granite":3,"minecraft:crafting_table":2,"minecraft:coal_ore":25,"minecraft:sand":1,"minecraft:tall_grass":1,"minecraft:copper_ore":5,"minecraft:cobblestone":2,"minecraft:stone":81,"minecraft:diorite":41,"minecraft:wall_torch":5},"minecraft:dropped":{"minecraft:dark_oak_log":8,"minecraft:wheat_seeds":1},"minecraft:picked_up":{"minecraft:wooden_axe":4,"minecraft:stick":16,"minecraft:crafting_table":5,"minecraft:golden_carrot":16,"minecraft:andesite":1,"minecraft:dark_oak_boat":4,"minecraft:torch":5,"minecraft:wooden_pickaxe":2,"minecraft:sand":1,"minecraft:flint":6,"minecraft:diorite":41,"minecraft:dark_oak_log":26,"minecraft:dark_oak_planks":154,"minecraft:raw_copper":11,"minecraft:wheat_seeds":1,"minecraft:granite":3,"minecraft:hay_block":2,"minecraft:bread":43,"minecraft:coal":23,"minecraft:cobblestone":74},"minecraft:custom":{"minecraft:time_since_rest":1408,"minecraft:interact_with_furnace":2,"minecraft:sprint_one_cm":30854,"minecraft:damage_taken":1229,"minecraft:walk_one_cm":65579,"minecraft:drop":9,"minecraft:damage_dealt":886,"minecraft:interact_with_crafting_table":6,"minecraft:fly_one_cm":69657,"minecraft:player_kills":2,"minecraft:open_chest":1,"minecraft:crouch_one_cm":2115,"minecraft:play_time":25518,"minecraft:deaths":4,"minecraft:sneak_time":1186,"minecraft:walk_under_water_one_cm":925,"minecraft:boat_one_cm":134255,"minecraft:jump":453,"minecraft:time_since_death":1363,"minecraft:walk_on_water_one_cm":3761,"minecraft:sleep_in_bed":4,"minecraft:total_world_time":25518,"minecraft:fall_one_cm":11566},"minecraft:killed_by":{"minecraft:skeleton":4}},"DataVersion":3953}