{"stats":{"minecraft:crafted":{"minecraft:oak_planks":16,"minecraft:stone_axe":2,"minecraft:stick":12,"minecraft:stone_pickaxe":1,"minecraft:white_bed":3,"minecraft:wheat":18},"minecraft:broken":{"minecraft:stone_axe":2,"minecraft:wooden_axe":1},"minecraft:mined":{"minecraft:oak_slab":1,"minecraft:white_bed":2,"minecraft:short_grass":34,"minecraft:grass_block":36,"minecraft:poppy":2,"minecraft:tall_grass":4,"minecraft:oak_planks":2,"minecraft:oxeye_daisy":2,"minecraft:hay_block":8,"minecraft:birch_log":28,"minecraft:iron_ore":6,"minecraft:birch_leaves":1,"minecraft:azure_bluet":3,"minecraft:oak_log":95,"minecraft:dirt_path":9,"minecraft:dirt":73,"minecraft:stone":22,"minecraft:oak_leaves":34},"minecraft:dropped":{"minecraft:bread":33,"minecraft:oak_slab":1,"minecraft:oak_log":19,"minecraft:rotten_flesh":4,"minecraft:cobblestone":1,"minecraft:oak_planks":1,"minecraft:white_bed":5,"minecraft:oak_sign":2,"minecraft:carrot":1,"minecraft:poppy":1,"minecraft:hay_block":1,"minecraft:oak_boat":1,"minecraft:oak_sapling":1,"minecraft:glass":15},"minecraft:custom":{"minecraft:interact_with_smithing_table":1,"minecraft:mob_kills":5,"minecraft:interact_with_crafting_table":9,"minecraft:time_since_death":4126,"minecraft:sleep_in_bed":9,"minecraft:climb_one_cm":956,"minecraft:time_since_rest":3127,"minecraft:sprint_one_cm":132259,"minecraft:damage_taken":1736,"minecraft:walk_one_cm":172839,"minecraft:drop":70,"minecraft:damage_dealt":781,"minecraft:talked_to_villager":13,"minecraft:fly_one_cm":246143,"minecraft:open_chest":14,"minecraft:crouch_one_cm":453,"minecraft:play_time":71729,"minecraft:deaths":2,"minecraft:sneak_time":135,"minecraft:boat_one_cm":15348,"minecraft:jump":1537,"minecraft:walk_on_water_one_cm":3836,"minecraft:total_world_time":71729,"minecraft:fall_one_cm":47458},"minecraft:killed":{"minecraft:sheep":2,"minecraft:zombie":2},"minecraft:picked_up":{"minecraft:birch_log":28,"minecraft:azure_bluet":2,"minecraft:oak_log":95,"minecraft:dirt":114,"minecraft:iron_shovel":2,"minecraft:glass":15,"minecraft:oak_sign":2,"minecraft:apple":1,"minecraft:wheat_seeds":4,"minecraft:iron_ingot":4,"minecraft:oak_boat":7,"minecraft:poppy":1,"minecraft:oak_planks":3,"minecraft:stick":5,"minecraft:oak_slab":5,"minecraft:raw_iron":5,"minecraft:dandelion":1,"minecraft:white_bed":4,"minecraft:carrot":1,"minecraft:rotten_flesh":7,"minecraft:hay_block":9,"minecraft:bread":73,"minecraft:oak_sapling":7,"minecraft:mutton":4,"minecraft:white_wool":9,"minecraft:cobblestone":30,"minecraft:oxeye_daisy":2},"minecraft:killed_by":{"minecraft:zombie":1},"minecraft:used":{"minecraft:iron_shovel":131,"minecraft:stone_pickaxe":71,"minecraft:oak_planks":1,"minecraft:wooden_pickaxe":9,"minecraft:dirt":100,"minecraft:white_bed":2,"minecraft:wooden_axe":21,"minecraft:bread":30,"minecraft:stone_axe":151,"minecraft:hay_block":6,"minecraft:oak_boat":6}},"DataVersion":3953}