{"stats":{"minecraft:mined":{"minecraft:oak_planks":1},"minecraft:killed_by":{"minecraft:player":1},"minecraft:used":{"minecraft:oak_planks":1,"minecraft:iron_sword":9},"minecraft:custom":{"minecraft:time_since_rest":178,"minecraft:open_chest":9,"minecraft:play_time":6012,"minecraft:sprint_one_cm":4740,"minecraft:deaths":1,"minecraft:damage_taken":267,"minecraft:walk_one_cm":9966,"minecraft:jump":67,"minecraft:damage_dealt":131,"minecraft:leave_game":1,"minecraft:time_since_death":0,"minecraft:walk_on_water_one_cm":338,"minecraft:total_world_time":6012,"minecraft:climb_one_cm":1340,"minecraft:interact_with_crafting_table":2,"minecraft:fall_one_cm":420,"minecraft:fly_one_cm":2747},"minecraft:crafted":{"minecraft:iron_sword":1,"minecraft:iron_leggings":1,"minecraft:iron_chestplate":1,"minecraft:iron_boots":1,"minecraft:shield":1,"minecraft:stick":16,"minecraft:iron_helmet":1,"minecraft:iron_pickaxe":1},"minecraft:picked_up":{"minecraft:oak_planks":1}},"DataVersion":3953}