{"stats":{"minecraft:broken":{"minecraft:stone_axe":3,"minecraft:wooden_axe":1},"minecraft:dropped":{"minecraft:bread":74,"minecraft:iron_ingot":5,"minecraft:iron_sword":2,"minecraft:oak_slab":1,"minecraft:wheat_seeds":4,"minecraft:oak_log":19,"minecraft:cobblestone":1,"minecraft:waxed_oxidized_copper_bulb":1,"minecraft:apple":1,"minecraft:oxeye_daisy":1,"minecraft:dirt":3,"minecraft:mace":1,"minecraft:dispenser":1,"minecraft:scrape_pottery_sherd":1,"minecraft:string":6,"minecraft:bone":13,"minecraft:stone_axe":2,"minecraft:tuff_bricks":20,"minecraft:bamboo_hanging_sign":1,"minecraft:rotten_flesh":6,"minecraft:oak_planks":1,"minecraft:azure_bluet":1,"minecraft:white_bed":5,"minecraft:oak_sign":2,"minecraft:waxed_copper_block":4,"minecraft:carrot":1,"minecraft:poppy":1,"minecraft:hay_block":1,"minecraft:shield":1,"minecraft:trident":1,"minecraft:oak_button":1,"minecraft:oak_sapling":4,"minecraft:oak_boat":2,"minecraft:chest":1,"minecraft:breeze_rod":1,"minecraft:spider_eye":1,"minecraft:bow":2,"minecraft:stone_pickaxe":1,"minecraft:arrow":1,"minecraft:glass":15,"minecraft:waxed_exposed_copper_bulb":1,"minecraft:splash_potion":1,"minecraft:brick":12},"minecraft:crafted":{"minecraft:oak_planks":568,"minecraft:stone_pickaxe":1,"minecraft:chest":1,"minecraft:wheat":18,"minecraft:iron_sword":1,"minecraft:birch_planks":168,"minecraft:stone_axe":4,"minecraft:stick":1140,"minecraft:white_bed":3},"minecraft:picked_up":{"minecraft:waxed_oxidized_cut_copper":1,"minecraft:azure_bluet":5,"minecraft:splash_potion":1,"minecraft:enchanted_book":1,"minecraft:shield":2,"minecraft:brick":12,"minecraft:string":10,"minecraft:iron_shovel":4,"minecraft:oak_sign":2,"minecraft:cobbled_deepslate":1,"minecraft:netherite_sword":2,"minecraft:oak_boat":9,"minecraft:poppy":1,"minecraft:chest":1,"minecraft:tipped_arrow":7,"minecraft:stick":30,"minecraft:raw_iron":5,"minecraft:mace":1,"minecraft:trident":1,"minecraft:carrot":1,"minecraft:netherite_pickaxe":1,"minecraft:arrow":30,"minecraft:rotten_flesh":25,"minecraft:hay_block":9,"minecraft:netherite_chestplate":2,"minecraft:tuff_bricks":43,"minecraft:mutton":4,"minecraft:cobblestone":36,"minecraft:white_wool":9,"minecraft:oxeye_daisy":3,"minecraft:stripped_oak_log":1,"minecraft:birch_log":70,"minecraft:netherite_boots":2,"minecraft:golden_carrot":3,"minecraft:water_bucket":1,"minecraft:birch_planks":462,"minecraft:oak_log":239,"minecraft:waxed_copper_block":9,"minecraft:netherite_leggings":2,"minecraft:dirt":245,"minecraft:glass":15,"minecraft:bone":21,"minecraft:apple":3,"minecraft:bow":3,"minecraft:wheat_seeds":12,"minecraft:stone_pickaxe":3,"minecraft:iron_ingot":10,"minecraft:oak_planks":1558,"minecraft:iron_sword":4,"minecraft:scrape_pottery_sherd":1,"minecraft:oak_slab":5,"minecraft:waxed_oxidized_copper_bulb":1,"minecraft:waxed_exposed_copper_bulb":1,"minecraft:dandelion":1,"minecraft:gravel":1,"minecraft:waxed_chiseled_copper":5,"minecraft:white_bed":4,"minecraft:polished_tuff":2,"minecraft:spider_eye":1,"minecraft:dispenser":1,"minecraft:stone_axe":6,"minecraft:netherite_helmet":2,"minecraft:breeze_rod":1,"minecraft:golden_apple":64,"minecraft:bread":175,"minecraft:emerald":3,"minecraft:oak_button":1,"minecraft:oak_sapling":16},"minecraft:killed":{"minecraft:cave_spider":6,"minecraft:bogged":17,"minecraft:sheep":2,"minecraft:zombie":3,"minecraft:breeze":1},"minecraft:custom":{"minecraft:interact_with_smithing_table":1,"minecraft:mob_kills":32,"minecraft:interact_with_anvil":1,"minecraft:interact_with_crafting_table":16,"minecraft:open_barrel":4,"minecraft:leave_game":2,"minecraft:time_since_death":40354,"minecraft:climb_one_cm":4547,"minecraft:sprint_one_cm":230936,"minecraft:walk_one_cm":363544,"minecraft:damage_blocked_by_shield":270,"minecraft:drop":121,"minecraft:talked_to_villager":42,"minecraft:play_time":152274,"minecraft:deaths":5,"minecraft:sneak_time":219,"minecraft:walk_under_water_one_cm":7540,"minecraft:boat_one_cm":26279,"minecraft:jump":3215,"minecraft:walk_on_water_one_cm":15623,"minecraft:total_world_time":152274,"minecraft:sleep_in_bed":11,"minecraft:time_since_rest":29276,"minecraft:damage_taken":3863,"minecraft:damage_absorbed":616,"minecraft:damage_dealt":6524,"minecraft:fly_one_cm":448441,"minecraft:swim_one_cm":3366,"minecraft:open_chest":31,"minecraft:crouch_one_cm":682,"minecraft:fall_one_cm":89254,"minecraft:inspect_dispenser":1},"minecraft:killed_by":{"minecraft:iron_golem":1,"minecraft:skeleton":1,"minecraft:zombie":2},"minecraft:used":{"minecraft:tuff_bricks":3,"minecraft:trident":5,"minecraft:netherite_sword":166,"minecraft:iron_shovel":147,"minecraft:chest":1,"minecraft:shield":7,"minecraft:iron_sword":34,"minecraft:dirt":155,"minecraft:wooden_axe":21,"minecraft:hay_block":6,"minecraft:netherite_pickaxe":56,"minecraft:water_bucket":8,"minecraft:birch_planks":21,"minecraft:stone_pickaxe":91,"minecraft:oak_planks":5,"minecraft:waxed_oxidized_cut_copper":1,"minecraft:wooden_pickaxe":9,"minecraft:golden_apple":18,"minecraft:white_bed":2,"minecraft:oak_log":1,"minecraft:waxed_chiseled_copper":5,"minecraft:bread":52,"minecraft:gravel":1,"minecraft:stone_axe":414,"minecraft:cobblestone":2,"minecraft:bucket":8,"minecraft:oak_boat":7},"minecraft:mined":{"minecraft:white_bed":2,"minecraft:grass_block":42,"minecraft:decorated_pot":4,"minecraft:red_mushroom":2,"minecraft:oxeye_daisy":3,"minecraft:tuff_bricks":46,"minecraft:hay_block":8,"minecraft:waxed_oxidized_cut_copper":1,"minecraft:iron_ore":6,"minecraft:fire":2,"minecraft:polished_tuff":2,"minecraft:waxed_oxidized_copper_bulb":1,"minecraft:azure_bluet":5,"minecraft:dirt_path":13,"minecraft:stripped_oak_log":1,"minecraft:stone":28,"minecraft:podzol":1,"minecraft:oak_slab":1,"minecraft:waxed_exposed_copper_bulb":1,"minecraft:short_grass":44,"minecraft:poppy":3,"minecraft:tall_grass":5,"minecraft:oak_planks":5,"minecraft:waxed_chiseled_copper":5,"minecraft:birch_planks":12,"minecraft:birch_log":70,"minecraft:birch_leaves":5,"minecraft:waxed_copper_block":8,"minecraft:oak_log":239,"minecraft:dirt":93,"minecraft:cobweb":2,"minecraft:dispenser":2,"minecraft:oak_leaves":82,"minecraft:deepslate":1}},"DataVersion":3953}