{"stats":{"minecraft:used":{"minecraft:stone_pickaxe":151,"minecraft:oak_planks":8,"minecraft:wooden_pickaxe":21,"minecraft:stone":1,"minecraft:iron_sword":27,"minecraft:torch":3,"minecraft:crafting_table":7,"minecraft:dark_oak_planks":1,"minecraft:wooden_axe":49,"minecraft:bread":1,"minecraft:iron_pickaxe":10,"minecraft:wooden_sword":58,"minecraft:cobblestone":14,"minecraft:golden_carrot":1,"minecraft:dark_oak_boat":1,"minecraft:porkchop":6,"minecraft:cooked_beef":1,"minecraft:potato":8},"minecraft:broken":{"minecraft:stone_pickaxe":1},"minecraft:mined":{"minecraft:dark_oak_leaves":1,"minecraft:dark_oak_log":27,"minecraft:crafting_table":4,"minecraft:granite":3,"minecraft:short_grass":15,"minecraft:tall_grass":8,"minecraft:copper_ore":5,"minecraft:cobblestone":2,"minecraft:diorite":41,"minecraft:oxeye_daisy":1,"minecraft:wall_torch":6,"minecraft:tall_seagrass":1,"minecraft:andesite":1,"minecraft:oak_log":14,"minecraft:coal_ore":25,"minecraft:sand":1,"minecraft:stone":89,"minecraft:deepslate":9,"minecraft:dark_oak_planks":1},"minecraft:crafted":{"minecraft:cooked_beef":2,"minecraft:wooden_sword":1,"minecraft:oak_planks":36,"minecraft:dark_oak_boat":1,"minecraft:crafting_table":4,"minecraft:wooden_pickaxe":2,"minecraft:iron_sword":1,"minecraft:stone":22,"minecraft:stone_axe":1,"minecraft:stick":36,"minecraft:iron_pickaxe":1,"minecraft:stone_pickaxe":2,"minecraft:wooden_axe":2,"minecraft:dark_oak_planks":72,"minecraft:torch":12},"minecraft:dropped":{"minecraft:wheat_seeds":1,"minecraft:dark_oak_log":8},"minecraft:picked_up":{"minecraft:wooden_axe":4,"minecraft:crafting_table":7,"minecraft:golden_carrot":16,"minecraft:andesite":1,"minecraft:leather":2,"minecraft:dark_oak_boat":4,"minecraft:wooden_pickaxe":2,"minecraft:flint":6,"minecraft:oak_log":14,"minecraft:gunpowder":2,"minecraft:raw_copper":11,"minecraft:wooden_sword":2,"minecraft:wheat_seeds":2,"minecraft:cobbled_deepslate":9,"minecraft:beef":2,"minecraft:iron_ingot":18,"minecraft:poppy":4,"minecraft:oak_planks":14,"minecraft:stick":19,"minecraft:stone":22,"minecraft:torch":6,"minecraft:gravel":10,"minecraft:porkchop":7,"minecraft:sand":1,"minecraft:ink_sac":2,"minecraft:diorite":41,"minecraft:dark_oak_log":26,"minecraft:dark_oak_planks":154,"minecraft:hay_block":2,"minecraft:granite":7,"minecraft:bread":43,"minecraft:oak_sapling":1,"minecraft:coal":23,"minecraft:oxeye_daisy":4,"minecraft:cobblestone":86},"minecraft:custom":{"minecraft:interact_with_furnace":5,"minecraft:mob_kills":8,"minecraft:interact_with_crafting_table":13,"minecraft:leave_game":1,"minecraft:time_since_death":2852,"minecraft:sleep_in_bed":5,"minecraft:climb_one_cm":1156,"minecraft:time_since_rest":2877,"minecraft:sprint_one_cm":73410,"minecraft:damage_taken":3383,"minecraft:walk_one_cm":136399,"minecraft:drop":9,"minecraft:damage_dealt":2702,"minecraft:swim_one_cm":1403,"minecraft:talked_to_villager":1,"minecraft:fly_one_cm":186644,"minecraft:player_kills":2,"minecraft:open_chest":5,"minecraft:crouch_one_cm":2388,"minecraft:play_time":48498,"minecraft:deaths":12,"minecraft:sneak_time":1403,"minecraft:walk_under_water_one_cm":1217,"minecraft:boat_one_cm":134255,"minecraft:jump":1100,"minecraft:walk_on_water_one_cm":11173,"minecraft:total_world_time":48498,"minecraft:fall_one_cm":30152},"minecraft:killed_by":{"minecraft:player":1,"minecraft:skeleton":6,"minecraft:zombie":2},"minecraft:killed":{"minecraft:pig":3,"minecraft:iron_golem":1,"minecraft:zombie":1,"minecraft:cow":1}},"DataVersion":3953}