{"stats":{"minecraft:used":{"minecraft:crafting_table":1},"minecraft:mined":{"minecraft:dark_oak_log":4},"minecraft:crafted":{"minecraft:dark_oak_planks":16,"minecraft:crafting_table":1,"minecraft:stick":4},"minecraft:picked_up":{"minecraft:dark_oak_log":4,"minecraft:wheat_seeds":1},"minecraft:dropped":{"minecraft:wheat_seeds":1},"minecraft:custom":{"minecraft:jump":27,"minecraft:time_since_rest":1518,"minecraft:damage_dealt":10,"minecraft:sprint_one_cm":2253,"minecraft:play_time":1518,"minecraft:damage_taken":20,"minecraft:time_since_death":1518,"minecraft:walk_one_cm":2573,"minecraft:total_world_time":1518,"minecraft:interact_with_crafting_table":1,"minecraft:drop":1,"minecraft:fall_one_cm":2672,"minecraft:fly_one_cm":6698}},"DataVersion":3953}