{"stats":{"minecraft:crafted":{"minecraft:oak_planks":12,"minecraft:stick":4,"minecraft:white_bed":3,"minecraft:stone_axe":1,"minecraft:wheat":18},"minecraft:broken":{"minecraft:wooden_axe":1,"minecraft:stone_axe":1},"minecraft:mined":{"minecraft:hay_block":8,"minecraft:oak_slab":1,"minecraft:birch_log":28,"minecraft:birch_leaves":1,"minecraft:short_grass":21,"minecraft:poppy":1,"minecraft:grass_block":34,"minecraft:oak_log":81,"minecraft:dirt_path":8,"minecraft:dirt":56,"minecraft:tall_grass":3,"minecraft:stone":4,"minecraft:oak_planks":2,"minecraft:oak_leaves":28},"minecraft:dropped":{"minecraft:bread":25,"minecraft:oak_log":19,"minecraft:oak_sapling":1,"minecraft:oak_boat":1,"minecraft:oak_planks":1},"minecraft:custom":{"minecraft:time_since_rest":13636,"minecraft:interact_with_smithing_table":1,"minecraft:sprint_one_cm":79241,"minecraft:damage_taken":497,"minecraft:walk_one_cm":123726,"minecraft:mob_kills":2,"minecraft:drop":31,"minecraft:damage_dealt":214,"minecraft:talked_to_villager":9,"minecraft:interact_with_crafting_table":6,"minecraft:fly_one_cm":132117,"minecraft:open_chest":7,"minecraft:crouch_one_cm":443,"minecraft:play_time":47729,"minecraft:sneak_time":80,"minecraft:boat_one_cm":5667,"minecraft:jump":850,"minecraft:time_since_death":47729,"minecraft:sleep_in_bed":3,"minecraft:climb_one_cm":956,"minecraft:total_world_time":47729,"minecraft:fall_one_cm":24744},"minecraft:killed":{"minecraft:sheep":2},"minecraft:picked_up":{"minecraft:birch_log":28,"minecraft:oak_slab":1,"minecraft:oak_log":81,"minecraft:dirt":95,"minecraft:iron_shovel":1,"minecraft:apple":1,"minecraft:wheat_seeds":1,"minecraft:hay_block":8,"minecraft:oak_boat":6,"minecraft:oak_sapling":6,"minecraft:mutton":4,"minecraft:oak_planks":3,"minecraft:cobblestone":4,"minecraft:white_wool":9,"minecraft:stick":4},"minecraft:used":{"minecraft:wooden_axe":21,"minecraft:iron_shovel":89,"minecraft:bread":15,"minecraft:stone_pickaxe":18,"minecraft:oak_planks":1,"minecraft:stone_axe":133,"minecraft:dirt":64,"minecraft:hay_block":6,"minecraft:oak_boat":5}},"DataVersion":3953}